gene	drug	protein_accession	gene_family	count	TPM_Normalization	FPKM_Normalization	16S_Normalization
AAC(6')-Ib7	aminoglycoside	AKN19287.1	AAC(6')-Ib7	4	319.496909898553	218.18042976090152	0.0001412066075028731
ADC-8	beta-lactam	CAL25116.3	ADC-8	2	105.16104320781517	71.81315652934195	4.6477551715769786e-05
ADP-ribosylating_transferase_arr	rifamycin	AF001493.1.orf0.gene.p01	ADP-ribosylating_transferase_arr	131	19037.800245725928	13000.674844190386	0.008414050664433351
ADP-ribosylating_transferase_arr	rifamycin	AL939114.1.orf1.gene.p01	ADP-ribosylating_transferase_arr	149	22760.073665364434	15542.568644171668	0.010059167050542262
ADP-ribosylating_transferase_arr	rifamycin	AY259086.1.gene5.p01	ADP-ribosylating_transferase_arr	1	138.5897191944054	94.64117979694734	6.125187279098137e-05
ADP-ribosylating_transferase_arr	rifamycin	FM897214.1.orf2.gene.p01	ADP-ribosylating_transferase_arr	7	970.128034360838	662.4882585786314	0.0004287631095368696
ADP-ribosylating_transferase_arr	rifamycin	NC_010410.6003052.p01	ADP-ribosylating_transferase_arr	3	382.811846311376	261.4174051708363	0.00016918962423362536
AER-1	beta-lactam	U14748.1.gene2.p01	AER-1	9	617.5194373285148	421.69627325918503	0.00027292227909161867
AIM-1	beta-lactam	CAQ53840.1	AIM-1	1	68.83897236301058	47.00927022808897	3.0424449971836137e-05
APH(3')-IIa	aminoglycoside	WP_000572405.1	APH(3')-IIa	1	78.9699909371895	53.9276156578832	3.4902010533729005e-05
APH(9)-Ia	aminoglycoside	AAB58447.1	APH(9)-Ia	1	63.033275898660285	43.04463297993689	2.7858532504331886e-05
AcrF	multidrug	AAC76298.1	AcrF	3	60.658108980739755	41.422661302432026	2.680879069982083e-05
AxyY	multidrug	EGP45231.1	AxyY	56	1120.3773092809677	765.0916026414787	0.0004951681035569201
CfxA2	beta-lactam	AF118110.1.gene1.p01	CfxA2	1	64.99083105079261	44.38142282403431	2.8723704321236607e-05
EmrB-QacA_family_major_facilitator_transporter	multidrug	AE016830.1.gene1786.p01	EmrB-QacA_family_major_facilitator_transporter	1	44.52563318798983	30.405996062423508	1.967879317327274e-05
EmrB-QacA_family_major_facilitator_transporter	multidrug	EU408347.1.gene6.p01	EmrB-QacA_family_major_facilitator_transporter	7	281.16954546734456	192.00715363795265	0.0001242672352016647
Escherichia_coli_LamB	multidrug	BAB38442	Escherichia_coli_LamB	1	46.816661293859546	31.970510401205928	2.069134852670735e-05
Escherichia_coli_mipA	multidrug	NP_310518	Escherichia_coli_mipA	1	84.04436786488039	57.39284397324919	3.714471000577585e-05
FEZ-1	beta-lactam	Y17896.1.gene1.p01	FEZ-1	2	147.89432931699798	100.99518126741377	6.536418933878577e-05
GES-23	beta-lactam	KF179354.1.gene1.p1	GES	1	72.66335971651117	49.6208963518717	3.2114697192493703e-05
IMP-13	beta-lactam	CAD55935	IMP	3	254.1746671865006	173.5726900729439	0.00011233643066524113
IMP-15	beta-lactam	AY553333.1.gene1.p01	IMP	1	84.72488906216688	57.857563357647976	3.744547688841371e-05
IMP-28	beta-lactam	JQ407409.1.gene2.p01	IMP	16	1355.59822499467	925.7210137223676	0.0005991276302146194
IMP-37	beta-lactam	JX131372.1.gene1.p01	IMP	1	84.04436786488039	57.39284397324919	3.714471000577585e-05
IMP-4	beta-lactam	GU045307.1.gene1.p1	IMP	1	84.72488906216688	57.857563357647976	3.744547688841371e-05
Klebsiella_pneumoniae_OmpK36	beta-lactam	YP_005228001.1	Klebsiella_pneumoniae_OmpK36	1	56.86697716944353	38.83374497103002	2.513324128108203e-05
LCR-1	beta-lactam	Q00983	LCR-1	8	641.4420719802366	438.03274020962607	0.00028349525797511684
LRA-1	beta-lactam	EU408346.1.gene6.p01	LRA	2	141.3989702591569	96.5595820901287	6.249346480701478e-05
LRA-19	beta-lactam	EU408359.1.gene3.p01	LRA	1	69.52507507759209	47.47780116059485	3.072768369248567e-05
LRA-2	beta-lactam	EU408347.1.gene9.p01	LRA	3	207.19849107282394	141.4932490033569	9.157458209344739e-05
LlmA_23S_ribosomal_RNA_methyltransferase	MLS	APB03216.1	LlmA_23S_ribosomal_RNA_methyltransferase	2	145.32671943302233	99.2417927037434	6.422939438498741e-05
LpeB	MLS	CAH14033.1	LpeB	10	206.1778088507903	140.79623792452264	9.112347577771612e-05
MCR-2	peptide	WP_065419574.1	MCR-2	1	38.82569127709688	26.513577271501017	1.715961556853096e-05
MCR-5	peptide	ATU90148.1	MCR-5	3	114.56412918807601	78.23440592703858	5.063339119400467e-05
MdtK	fluoroquinolone	AML99881.1	MdtK	4	176.2277692493071	120.34373178390777	7.788659192790051e-05
MexJ	multidrug	NP_252367.1	MexJ	1	56.86697716944353	38.83374497103002	2.513324128108203e-05
MexK	multidrug	AAG07064.1	MexK	733	14950.804960618298	10209.717059907918	0.006607739801290634
MexL	multidrug	NP_252368.1	MexL	7	687.7433483027537	469.651300682504	0.0003039588241317714
Moraxella_catarrhalis_M35	beta-lactam	AAX99225	Moraxella_catarrhalis_M35	1	58.29261169458278	39.80729289509484	2.5763322538825032e-05
Mrx	MLS	AAS13767.1	Mrx	34	1722.8077926006715	1176.4838185896554	0.0007614215857358313
MuxA	multidrug	NP_251218.1	MuxA	2	98.01895830611343	66.93591639034683	4.3320996681209304e-05
MuxB	multidrug	NP_251217.1	MuxB	391	7837.620317008515	5352.212544436368	0.0034639576833834585
MuxC	multidrug	NP_251216.1	MuxC	141	2845.4327014157043	1943.110278743304	0.001257583050716282
MvaT	multidrug	NP_253005.1	MvaT	1	167.41638078684173	114.3265451947124	7.39922623315055e-05
NPS-1	beta-lactam	AAK14791	NPS-1	6	481.0815539851774	328.52455515721954	0.00021262144348133761
OXA-10	beta-lactam	gi:210060768:pdb:2RL3:A	OXA	10	843.8325644498071	576.2426673120584	0.0003729448706225075
OXA-10	beta-lactam	gi:426206800:emb:CCP09090.1:	OXA	2	151.09781659462251	103.1828025223036	6.678002015478835e-05
OXA-11	beta-lactam	Z22590.1.gene1.p01	OXA	17	1332.4337422173733	909.9022791714002	0.0005888897282938172
OXA-118	beta-lactam	AF371964.1.gene1.p1	OXA	1	78.37845542455139	53.5236634806706	3.464057225257748e-05
OXA-119	beta-lactam	AY139598.1.gene3.p01	OXA	1	78.37845542455139	53.5236634806706	3.464057225257748e-05
OXA-119	beta-lactam	gi:551485182:gb:AGY30825.1:	OXA	2	156.75691084910278	107.0473269613412	6.928114450515496e-05
OXA-12	beta-lactam	U10251.1.gene1.p01	OXA	2	157.939981874379	107.8552313157664	6.980402106745801e-05
OXA-129	beta-lactam	AM932669.1.gene2.p01	OXA	7	546.601989509278	373.267638229005	0.0002415792147017437
OXA-147	beta-lactam	FJ848783.1.gene3.p01	OXA	8	627.0276433964111	428.1893078453648	0.0002771245780206198
OXA-161	beta-lactam	GQ202693.1.gene2.p01	OXA	16	1213.1621796147951	828.4532260486404	0.0005361758139964166
OXA-198	beta-lactam	ADT70779.1	OXA	12	954.8462782519491	652.0525391333406	0.0004220091007500313
OXA-2	beta-lactam	ABN48512	OXA	1	75.8226362259247	51.77832662804003	3.3510988374776035e-05
OXA-20	beta-lactam	AF024602.1.gene3.p01	OXA	8	627.0276433964111	428.1893078453648	0.0002771245780206198
OXA-205	beta-lactam	JF800667.1.gene2.p01	OXA	1	78.37845542455139	53.5236634806706	3.464057225257748e-05
OXA-209	beta-lactam	JF268688.1.gene5.p01	OXA	2	152.1967098062198	103.933222904284	6.726569302864135e-05
OXA-21	beta-lactam	DQ522237.1.gene5.p01	OXA	10	758.226362259247	517.7832662804003	0.0003351098837477604
OXA-211	beta-lactam	JN861779.1.gene1.p01	OXA	4	304.3934196124396	207.866445808568	0.0001345313860572827
OXA-226	beta-lactam	FJ617207.1.gene1.p01	OXA	2	151.6452724518494	103.55665325608005	6.702197674955207e-05
OXA-240	beta-lactam	JX089628.1.gene1.p01	OXA	4	313.51382169820556	214.0946539226824	0.0001385622890103099
OXA-29	beta-lactam	AJ400619.1.gene1.p01	OXA	2	156.75691084910278	107.0473269613412	6.928114450515496e-05
OXA-3	beta-lactam	L07945.1.gene1.p01	OXA	25	1895.5659056481177	1294.4581657010008	0.0008377747093694009
OXA-309	beta-lactam	HF947514.1.gene1.p01	OXA	1	76.0983549031099	51.966611452142	3.3632846514320676e-05
OXA-333	beta-lactam	KF203107.1.gene1.p01	OXA	4	304.3934196124396	207.866445808568	0.0001345313860572827
OXA-35	beta-lactam	AAK49460	OXA	1	78.37845542455139	53.5236634806706	3.464057225257748e-05
OXA-46	beta-lactam	AF317511.1.gene5.p01	OXA	1	78.37845542455139	53.5236634806706	3.464057225257748e-05
OXA-5	beta-lactam	X58272.1.gene1.p01	OXA	5	390.42999250662723	266.61974159214645	0.00017255658192981692
OXA-56	beta-lactam	AY445080.1.gene1.p01	OXA	1	78.37845542455139	53.5236634806706	3.464057225257748e-05
OXA-7	beta-lactam	X75562.1.gene1.p01	OXA	2	156.75691084910278	107.0473269613412	6.928114450515496e-05
OXA-9	beta-lactam	ABA54978	OXA	6	448.43673425046893	306.23181748583676	0.00019819355981653256
OXA-9	beta-lactam	gi:583596984:gb:EWE59955.1:	OXA	9	713.4220772166552	487.1869823638312	0.00031530793607175637
OXA-96	beta-lactam	DQ519090.1.gene1.p01	OXA	1	74.47347899770541	50.85700409017455	3.2914707442840525e-05
OXY-1	beta-lactam	AY077483.1.gene1.p01	OXY	1	71.91425291531003	49.109340719378174	3.178361783999377e-05
OpmB	multidrug	NP_251215.1	OpmB	3	125.81391341696524	85.91674238079588	5.560540756375663e-05
OpmH	triclosan	NP_253661.1	OpmH	2	86.6544414010568	59.17523043204575	3.829827242831547e-05
OprA	multidrug	BAM10414.1	OprA	15	670.7387050754877	458.0390432480465	0.0002964433586999419
PBP-1B	beta-lactam	AF101781.1.gene1.p01	PBP-1B	1	25.458695375128002	17.385423539341907	1.1251864709778817e-05
PEDO-1	beta-lactam	AJP77059	PEDO-1	3	218.7496264636434	149.38137438333501	9.667978527635735e-05
PSE-1	beta-lactam	AAA25979	PSE-1	1	68.6132708142794	46.85514147324278	3.0324697676846515e-05
PSE-1	beta-lactam	AAD43097	PSE-1	7	439.9079074729325	300.40758872484486	0.00019442411273293487
PSE-1	beta-lactam	BAE71359	PSE-1	2	126.83059150518314	86.61101908690333	5.605474419053446e-05
PmrF	peptide	AAC75314.1	PmrF	3	194.36886314261812	132.73205711460417	8.590432933224322e-05
QnrS5	fluoroquinolone	AEG74319.1	QnrS5	3	286.6718849089756	195.7646321827267	0.00012669907933476968
RbpA	rifamycin	ADV91011.1	RbpA	444	80796.60116234535	55174.984854839466	0.035709309212161346
SHV-41	beta-lactam	AF535129.1.gene1.p01	SHV	1	72.9165421545478	49.79379146111167	3.2226595092119116e-05
Serratia_marcescens_Omp1	multidrug	AIA49384.1	Serratia_marcescens_Omp1	4	223.22184104912233	152.43539359294985	9.865634977534066e-05
Staphylococcus_mupA_conferring_resistance_to_mupirocin	mupirocin	CAA53189	Staphylococcus_mupA_conferring_resistance_to_mupirocin	1	20.416631803273383	13.942261609111268	9.023446625793352e-06
TaeA	pleuromutilin	APB03219.1	TaeA	7	225.71545945837676	154.13825430720084	9.975844305095117e-05
TolC	multidrug	gi:507086744:ref:WP_016157485.1:	TolC	1	42.62127820438944	29.105535945700712	1.8837133994782456e-05
TolC	multidrug	gi:517404984:ref:WP_018577719.1:	TolC	6	275.35588945204233	188.0370809123559	0.00012169779988734455
TolC	multidrug	gi:571687570:gb:ETQ77221.1:	TolC	2	94.26598017277125	64.37305472675247	4.166230987134318e-05
TolC	multidrug	gi:585350004:ref:WP_024231618.1:	TolC	1	42.36244453108344	28.928781678823988	1.8722738444206856e-05
TolC	multidrug	gi:652967291:ref:WP_027220262.1:	TolC	2	91.78529648401411	62.6790269707853	4.056593329578152e-05
TolC	multidrug	gi:652975683:ref:WP_027228387.1:	TolC	1	45.892648242007056	31.33951348539265	2.028296664789076e-05
TolC	multidrug	gi:654934447:ref:WP_028384763.1:	TolC	2	91.78529648401411	62.6790269707853	4.056593329578152e-05
TolC	multidrug	gi:966433657:ref:WP_058474090.1:	TolC	3	137.67794472602117	94.01854045617794	6.0848899943672275e-05
TolC	multidrug	gi:966441110:ref:WP_058481433.1:	TolC	4	183.57059296802822	125.3580539415706	8.113186659156304e-05
TolC	multidrug	gi:966458774:ref:WP_058491627.1:	TolC	1	45.892648242007056	31.33951348539265	2.028296664789076e-05
TriC	triclosan	NP_248848.1	TriC	8	164.7799023492537	112.52612716014998	7.282702985384399e-05
VIM-23	beta-lactam	GQ242167.1.gene1.p01	VIM	3	235.1353662736541	160.57099044201178	0.00010392171675773244
VIM-30	beta-lactam	JN129451.1.gene1.p01	VIM	10	783.7845542455137	535.2366348067059	0.00034640572252577477
YojI	peptide	NP_416715.1	YojI	2	76.376086125384	52.15627061802572	3.3755594129336445e-05
aac(2')-I	aminoglycoside	AE000516.2.gene277.p01	aac(2')-I	9	1034.854002116467	706.6888095827002	0.0004573697534227675
aac(2')-I	aminoglycoside	U41471.1.gene1.p01	aac(2')-I	155	16549.45090686255	11301.412311977308	0.007314286136086322
aac(2')-I	aminoglycoside	YP_001848841	aac(2')-I	25	2874.5944503235187	1963.0244710630561	0.001270471537285465
aac(2')-I	aminoglycoside	YP_637442	aac(2')-I	6	603.664834567939	412.23513892324183	0.0002667990228299477
aac(3)-I	aminoglycoside	AAK12088	aac(3)-I	1	135.01321031196915	92.19882676992934	5.9671179299601206e-05
aac(3)-I	aminoglycoside	AJ511268.1.gene3.p01	aac(3)-I	5	666.4664840240515	455.12159711270857	0.0002945551844407066
aac(3)-I	aminoglycoside	gi:685918340:ref:WP_031655082.1:	aac(3)-I	1	117.56768313682706	80.28549522100589	5.196085837886622e-05
aac(3)-I	aminoglycoside	gi:695737392:ref:WP_032663836.1:	aac(3)-I	6	709.3914440120413	484.43451353691694	0.0003135265353029894
aac(3)-IIIa	aminoglycoside	L06160.1.gene1.p01	aac(3)-IIIa	6	510.41579508183463	348.5565402277816	0.00022558616564483385
aac(3)-IIIa	aminoglycoside	L06161.1.gene1.p01	aac(3)-IIIa	4	298.957822833646	204.15454499055784	0.0001321290398776884
aac(3)-IV	aminoglycoside	gi:446015186:ref:WP_000093041.1:	aac(3)-IV	5	390.42999250662723	266.61974159214645	0.00017255658192981692
aac(6')-30-aac(6')-Ib'	aminoglycoside	AJ584652.2.gene5.p01	aac(6')-30-aac(6')-Ib'	1	63.60804741141405	43.437137232033585	2.8112561676103913e-05
aac(6')-31	aminoglycoside	gi:950228232:ref:WP_057272322.1:	aac(6')-31	4	452.47670482930204	308.9906626884119	0.00019997908738244728
aac(6')-31	aminoglycoside	gi:959688383:ref:WP_058124867.1:	aac(6')-31	1	113.11917620732551	77.24766567210297	4.999477184561182e-05
aac(6')-II	aminoglycoside	AF162771.1.gene2.p01	aac(6')-II	7	755.0996556107553	515.6480775534708	0.0003337279873199346
aac(6')-II	aminoglycoside	EF614235.1.gene3.p01	aac(6')-II	3	339.35752862197654	231.74299701630892	0.00014998431553683546
aac(6')-II	aminoglycoside	L06163.1.gene1.p01	aac(6')-II	1	115.61904750472496	78.95479640518812	5.109962868197893e-05
aac(6')-II	aminoglycoside	M29695.1.gene2.p01	aac(6')-II	8	904.9534096586041	617.9813253768237	0.00039995817476489457
aac(6')-II	aminoglycoside	gi:638916062:ref:WP_024437054.1:	aac(6')-II	10	1131.1917620732552	772.4766567210296	0.0004999477184561182
aac(6')-II	aminoglycoside	gi:959843707:ref:WP_058131000.1:	aac(6')-II	4	452.47670482930204	308.9906626884119	0.00019997908738244728
aadA	aminoglycoside	AB114632.1.gene2.p01	aadA	1	78.6731112720121	53.72488026067311	3.477079996781273e-05
aadA	aminoglycoside	ABO42050	aadA	3	186.2941922702245	127.21796572111911	8.233560348461294e-05
aadA	aminoglycoside	AJ567827.1.gene1.p01	aadA	4	317.0764787629579	216.5275477172583	0.00014013686047633617
aadA	aminoglycoside	AM087405.1.gene3.p01	aadA	1	75.27714963437128	51.40582068107572	3.326990212747549e-05
aadA	aminoglycoside	AM087411.1.gene3.p01	aadA	1	74.2093886466497	50.67666010403918	3.279798862212123e-05
aadA	aminoglycoside	BAA78801	aadA	3	186.2941922702245	127.21796572111911	8.233560348461294e-05
aadA	aminoglycoside	KJ363320.1.gene3.p01	aadA	2	160.97728921811708	109.92937037953115	7.114640608798605e-05
aadA	aminoglycoside	NC_010558.1.6275994.p01	aadA	4	318.28209275064967	217.35084637778021	0.00014066970025001043
aadA	aminoglycoside	YP_001144148	aadA	2	124.56575951401915	85.06439374606578	5.505376661570349e-05
aadA	aminoglycoside	ZP_03028124	aadA	6	373.69727854205746	255.1931812381973	0.00016516129984711048
aadA	aminoglycoside	gi:223886324:gb:ACN22617.1:	aadA	2	148.4187772932994	101.35332020807836	6.559597724424246e-05
aadA	aminoglycoside	gi:241992581:gb:ACS73641.1:	aadA	2	158.53823938147895	108.26377385862915	7.006843023816808e-05
aadA	aminoglycoside	gi:502187851:ref:WP_012728223.1:	aadA	1	74.47347899770541	50.85700409017455	3.2914707442840525e-05
aadA	aminoglycoside	gi:62736928:gb:AAX97756.1:	aadA	11	740.1849632858759	505.4630213592591	0.0003271362080572992
aadA13	aminoglycoside	YP_009081591.1	aadA13	9	708.0580014481088	483.52392234605804	0.0003129371997103146
aadE	aminoglycoside	gi:486458841:gb:EOE03251.1:	aadE	1	87.92877142166057	60.045454408987595	3.8861482316967174e-05
abcA	multidrug	XP_753111.1	abcA	2	28.805296074817917	19.670775153942255	1.2730946719116567e-05
abeM	multidrug	BAD89844.2	abeM	2	93.2162476541435	63.656205564984624	4.119836432711887e-05
acrA	multidrug	NC_002695.1.912781.p01	acrA	1	55.95467272287491	38.21074371481029	2.473003420170638e-05
acrB	multidrug	AAQ21216	acrB	42	837.8798847768534	572.1776570755387	0.0003703139916495747
acrB	multidrug	ABG77966	acrB	3	59.84856319834666	40.86983264825276	2.6450999403541047e-05
acrB	multidrug	ABR13271	acrB	4	79.79808426446223	54.49311019767035	3.52679992047214e-05
acrB	multidrug	ABW72062	acrB	12	238.9386976025334	163.16823767085498	0.00010560265794220575
acrB	multidrug	CAC35725	acrB	6	119.69712639669332	81.73966529650552	5.290199880708209e-05
acrB	multidrug	CAG74079	acrB	14	280.8999677631573	191.82306240723554	0.00012414809116024413
acrB	multidrug	CAL13137	acrB	1	19.91155813354445	13.597353139237915	8.800221495183813e-06
acrB	multidrug	CP000034.1.gene457.p01	acrB	2	39.86104304448613	27.220605998741043	1.7617205317025118e-05
acrB	multidrug	CP000647.1.gene443.p01	acrB	2	39.899042132231116	27.246555098835174	1.76339996023607e-05
acrB	multidrug	CP002695.1.gene992.p01	acrB	45	888.4123980433819	606.685676151186	0.0003926476185044513
acrB	multidrug	YP_001175677	acrB	3	59.79156456672919	40.83090899811157	2.6425807975537677e-05
acrB	multidrug	YP_001477358	acrB	10	199.49521066115557	136.23277549417585	8.816999801180349e-05
acrB	multidrug	YP_001747848	acrB	6	123.70668531047419	84.47774275471359	5.467408546662967e-05
acrB	multidrug	YP_001871463	acrB	7	139.38090693481115	95.1814719746654	6.160155046628668e-05
acrB	multidrug	YP_001908403	acrB	27	538.6370687851199	367.8284938342749	0.00023805899463186944
acrB	multidrug	YP_002848372	acrB	2	39.86104304448613	27.220605998741043	1.7617205317025118e-05
acrB	multidrug	YP_454364	acrB	6	119.0163844456221	81.27479516211781	5.2601134358890164e-05
acrB	multidrug	ZP_02684554	acrB	2	40.3218643513588	27.53529508543169	1.7820872430516738e-05
acrB	multidrug	ZP_03832747	acrB	7	140.44998388157865	95.91153120361777	6.207404558012206e-05
acrB	multidrug	ZP_04612532	acrB	9	179.20402320190007	122.37617825314125	7.92019934566543e-05
acrB	multidrug	ZP_04615616	acrB	1	19.91155813354445	13.597353139237915	8.800221495183813e-06
acrB	multidrug	ZP_04620400	acrB	17	338.49648827025567	231.15500336704457	0.0001496037654181248
acrB	multidrug	ZP_04625767	acrB	5	101.39073448815512	69.23846002586748	4.4811205384874935e-05
acrB	multidrug	ZP_04631836	acrB	3	59.73467440063335	40.792059417713745	2.6400664485551436e-05
acrB	multidrug	ZP_04635098	acrB	1	20.436569920268767	13.955877098963915	9.032258585388854e-06
acrB	multidrug	gi:446414955:ref:WP_000492810.1:	acrB	54	1090.7920562849247	744.8882046952787	0.0004820924427969711
acrB	multidrug	gi:447055232:ref:WP_001132488.1:	acrB	1	19.930521522243065	13.610302999370521	8.808602658512559e-06
acrB	multidrug	gi:491078681:ref:WP_004940301.1:	acrB	1	19.949521066115558	13.623277549417587	8.81699980118035e-06
acrB	multidrug	gi:493365861:ref:WP_006322279.1:	acrB	2	39.899042132231116	27.246555098835174	1.76339996023607e-05
acrB	multidrug	gi:493954677:ref:WP_006898419.1:	acrB	16	322.5749148108704	220.28236068345353	0.0001425669794441339
acrB	multidrug	gi:495735716:ref:WP_008460295.1:	acrB	17	338.8188658781321	231.3751509892989	0.00014974624519471352
acrB	multidrug	gi:497324874:ref:WP_009639087.1:	acrB	16	318.88834435588905	217.76484798992834	0.00014093764253620094
acrB	multidrug	gi:503341948:ref:WP_013576609.1:	acrB	26	517.7005114721557	353.53118162018586	0.0002288057588747791
acrB	multidrug	gi:545296874:ref:WP_021577089.1:	acrB	11	219.23573674467372	149.71333299307577	9.689462924363815e-05
acrB	multidrug	gi:554682892:ref:WP_023182822.1:	acrB	4	79.72208608897226	54.441211997482085	3.5234410634050236e-05
acrB	multidrug	gi:554966059:ref:WP_023210106.1:	acrB	5	99.65260761121532	68.05151499685262	4.4043013292562795e-05
acrB	multidrug	gi:558560157:ref:WP_023491039.1:	acrB	23	458.83898452065773	313.33538363660455	0.00020279099542714802
acrB	multidrug	gi:643662068:ref:WP_025246873.1:	acrB	10	198.36064074270348	135.45799193686304	8.766855726481693e-05
acrB	multidrug	gi:727178815:ref:WP_033642107.1:	acrB	24	478.7885055867733	326.9586611860221	0.00021160799522832837
acrB	multidrug	gi:754968546:ref:WP_042324453.1:	acrB	5	99.65260761121532	68.05151499685262	4.4043013292562795e-05
acrB	multidrug	gi:780021998:ref:WP_045440626.1:	acrB	11	219.23573674467372	149.71333299307577	9.689462924363815e-05
acrB	multidrug	gi:812045371:emb:CRH28493.1:	acrB	43	857.0124254564519	585.2430289729325	0.00037876991431604
acrD	aminoglycoside	YP_490697.1	acrD	23	463.7014400406262	316.65589348246453	0.00020494003295094248
acrF	multidrug	CP000647.1.gene3710.p01	acrF	14	282.52523276467986	192.9329354780585	0.00012486640219877974
adeB	multidrug	ZP_03823622	adeB	2	40.16707792390636	27.42959337685038	1.7752462171666384e-05
adeB	multidrug	gi:446910353:ref:WP_000987609.1:	adeB	1	20.180373768905707	13.780923962718465	8.919028728484268e-06
adeB	multidrug	gi:446910356:ref:WP_000987612.1:	adeB	2	40.36074753781141	27.56184792543693	1.7838057456968536e-05
adeB	multidrug	gi:446910365:ref:WP_000987621.1:	adeB	2	40.36074753781141	27.56184792543693	1.7838057456968536e-05
adeB	multidrug	gi:490846690:ref:WP_004708753.1:	adeB	2	40.36074753781141	27.56184792543693	1.7838057456968536e-05
adeB	multidrug	gi:820799228:ref:WP_046760544.1:	adeB	24	482.46795615804535	329.47131180032386	0.00021323418539338757
adeC	multidrug	AAL14441	adeC	1	44.90782746428159	30.666991736779075	1.9847709852871645e-05
adeC	multidrug	NC_010400.5984384.p01	adeC	28	1205.6735241850745	823.3393172458711	0.0005328660867495252
adeF	multidrug	CAJ77856.1	adeF	94	1855.7947870239534	1267.2989679602554	0.0008201972475426316
adeH	multidrug	CAJ77855.1	adeH	4	172.95080659797702	118.10593511850453	7.6438287532547e-05
adeI	multidrug	YP_002320475.1	adeI	17	853.1410291895413	582.5993010521914	0.00037705889077805553
adeJ	multidrug	NC_011586.7045444.p01	adeJ	3	59.28342095851337	40.48390410577634	2.6201226038068517e-05
adeJ	multidrug	gi:691078841:ref:WP_032016505.1:	adeJ	60	1185.6684191702673	809.6780821155269	0.0005240245207613703
adeK	multidrug	NC_011586.7045445.p01	adeK	2	86.29710349837204	58.93120886325381	3.8140341407992525e-05
adeL	multidrug	ALH22601.1	adeL	2	123.82868401393621	84.56105413810089	5.472800468306619e-05
adeN	multidrug	AGV28567.1	adeN	4	383.98252474046274	262.2168467768633	0.00016970702369611352
adeR	multidrug	ADM92605.1	adeR	1	84.38325644498073	57.62426673120584	3.729448706225075e-05
amrB	multidrug	CAR51973	amrB	3	59.96288710130435	40.94790300670214	2.6501526623032053e-05
amrB	multidrug	YP_001119417	amrB	13	260.08758965451034	177.61055061320042	0.0001149497383257136
amrB	multidrug	YP_369007	amrB	6	120.0404259943894	81.97410028301557	5.305372538109858e-05
amrB	multidrug	YP_773413	amrB	3	60.0202129971947	40.98705014150779	2.652686269054929e-05
amrB	multidrug	ZP_03453095	amrB	29	581.3068777320893	396.9671708149736	0.00025691757753994963
amrB	multidrug	ZP_03585936	amrB	6	120.0404259943894	81.97410028301557	5.305372538109858e-05
ant(2'')-I	aminoglycoside	X04555.1.orf0.gene.p01	ant(2'')-I	79	6612.947041080249	4515.898535191141	0.002922694362094467
ant(3'')-Ih-aac(6')-IId	aminoglycoside	AF453998.2.gene4.p01	ant(3'')-Ih-aac(6')-IId	2	90.20279137222077	61.598354091978656	3.9866520652750806e-05
aph(3'')-I	aminoglycoside	AF313472.2.gene15.p01	aph(3'')-I	36	2811.0959460477156	1919.6621394634544	0.0012424073898946817
aph(3'')-I	aminoglycoside	DQ336355.1.gene5.p01	aph(3'')-I	53	4349.54322632481	2970.2484780979203	0.0019223479919459761
aph(3'')-I	aminoglycoside	DQ464881.1.gene4.p01	aph(3'')-I	40	5104.157950818346	3485.5654022778167	0.002255861656448338
aph(3')-I	aminoglycoside	YP_001844878	aph(3')-I	1	44.52563318798983	30.405996062423508	1.967879317327274e-05
aph(6)-I	aminoglycoside	CAJ77026	aph(6)-I	12	890.5126637597965	608.1199212484702	0.00039357586346545475
aph(6)-I	aminoglycoside	X01702.1.gene3.p1	aph(6)-I	2	156.75691084910278	107.0473269613412	6.928114450515496e-05
aph(6)-I	aminoglycoside	X05648.1.gene2.p1	aph(6)-I	2	135.88991946983907	92.79752045025356	6.005865448985835e-05
aph(6)-I	aminoglycoside	ZP_04405450	aph(6)-I	4	273.5561777562774	186.80808038351697	0.00012090238943056454
aph(6)-I	aminoglycoside	gi:516771669:ref:WP_018093204.1:	aph(6)-I	4	271.77983893967814	185.59504090050712	0.0001201173089797167
aph(6)-I	aminoglycoside	gi:691150292:ref:WP_032062476.1:	aph(6)-I	8	600.0587124976406	409.7725634219082	0.0002652052413315609
aph(6)-I	aminoglycoside	gi:754690915:ref:WP_042068827.1:	aph(6)-I	3	229.12825837615202	156.46881185407716	0.00010126678238800934
arnA	peptide	NP_252244	arnA	3	94.69252306948063	64.66433551737126	4.185082711058003e-05
arnA	polymyxin	B7LM76	arnA	2	63.31935733239098	43.23999440042073	2.7984970624623866e-05
arnA	polymyxin	Q32DT3	arnA	3	94.97903599858647	64.85999160063108	4.19774559369358e-05
arnA	polymyxin	ZP_02901868	arnA	1	31.65967866619549	21.619997200210364	1.3992485312311933e-05
arnA	polymyxin	gi:391316952:gb:EIQ74337.1:	arnA	2	63.31935733239098	43.23999440042073	2.7984970624623866e-05
arnA	polymyxin	gi:490019288:ref:WP_003921799.1:	arnA	2	63.31935733239098	43.23999440042073	2.7984970624623866e-05
arnA	polymyxin	gi:555219549:ref:WP_023212356.1:	arnA	1	31.65967866619549	21.619997200210364	1.3992485312311933e-05
arnA	polymyxin	gi:851928593:ref:WP_048220996.1:	arnA	1	31.65967866619549	21.619997200210364	1.3992485312311933e-05
arr-4	rifamycin	ABV26705.1	arr-4	1	138.5897191944054	94.64117979694734	6.125187279098137e-05
bacA	bacitracin	A0KQI1	bacA	4	307.75069997581204	210.1590904314566	0.0001360151881093851
bacA	bacitracin	A4VLM0	bacA	7	528.8423580811788	361.1398088280626	0.0002337300705417592
bacA	bacitracin	ABM94007	bacA	71	5195.176152039233	3547.720589521233	0.0022960885601122773
bacA	bacitracin	BAH65231	bacA	1	76.376086125384	52.15627061802572	3.3755594129336445e-05
bacA	bacitracin	CAJ93947	bacA	22	1499.6581340840871	1024.097717542212	0.0006627971381486648
bacA	bacitracin	CAY49038	bacA	3	226.6467248919338	154.7742037834554	0.00010017003023218253
bacA	bacitracin	EAS48788	bacA	4	281.845758900407	192.4689313042296	0.00012456609820118771
bacA	bacitracin	EEQ96502	bacA	22	1550.1516739522383	1058.579122173263	0.0006851135401065323
bacA	bacitracin	NP_840140	bacA	34	2596.786928263056	1773.3132010128747	0.0011476902003974391
bacA	bacitracin	Q4KC13	bacA	2	151.09781659462251	103.1828025223036	6.678002015478835e-05
bacA	bacitracin	Q5P6K4	bacA	2	152.1967098062198	103.933222904284	6.726569302864135e-05
bacA	bacitracin	Q7N0B9	bacA	9	689.9026680776445	471.1258730551335	0.0003049131689485117
bacA	bacitracin	Q880L3	bacA	2	151.09781659462251	103.1828025223036	6.678002015478835e-05
bacA	bacitracin	Q8Y1I9	bacA	3	213.54130202403283	145.8246749932556	9.437788562692026e-05
bacA	bacitracin	Q9I2E5	bacA	5	376.3857481718564	257.0291034053786	0.00016634951063737745
bacA	bacitracin	YP_001140148	bacA	1	76.93767499395301	52.53977260786415	3.4003797027346275e-05
bacA	bacitracin	YP_001155044	bacA	10	688.3897236301058	470.0927022808898	0.00030424449971836137
bacA	bacitracin	YP_001187667	bacA	7	528.8423580811788	361.1398088280626	0.0002337300705417592
bacA	bacitracin	YP_001268143	bacA	1	75.54890829731126	51.5914012611518	3.339001007739418e-05
bacA	bacitracin	YP_001348697	bacA	3	225.83144890311388	154.21746204322716	9.980970638242648e-05
bacA	bacitracin	YP_001416709	bacA	3	205.16713331720803	140.10606028763772	9.06767920729234e-05
bacA	bacitracin	YP_001480516	bacA	1	76.0983549031099	51.966611452142	3.3632846514320676e-05
bacA	bacitracin	YP_001563294	bacA	82	6217.456170525826	4245.822783499283	0.002747901046731635
bacA	bacitracin	YP_001616633	bacA	1	67.94495973491954	46.39876022512678	3.0029327244929176e-05
bacA	bacitracin	YP_001669149	bacA	3	226.6467248919338	154.7742037834554	0.00010017003023218253
bacA	bacitracin	YP_001749617	bacA	1	75.54890829731126	51.5914012611518	3.339001007739418e-05
bacA	bacitracin	YP_001797193	bacA	65	4823.610262032231	3293.9829067625465	0.00213186926043788
bacA	bacitracin	YP_001898234	bacA	20	1423.608680160219	972.1644999550373	0.0006291859041794685
bacA	bacitracin	YP_002006347	bacA	3	213.54130202403283	145.8246749932556	9.437788562692026e-05
bacA	bacitracin	YP_002092118	bacA	2	144.3244661955532	98.55736654716586	6.378643304440128e-05
bacA	bacitracin	YP_002260505	bacA	23	1637.1499821842517	1117.989174948293	0.0007235637898063888
bacA	bacitracin	YP_002434803	bacA	2	157.3462225440242	107.44976052134622	6.954159993562546e-05
bacA	bacitracin	YP_002552549	bacA	31	2359.0490019964063	1610.9649550164022	0.001042618241943941
bacA	bacitracin	YP_002800019	bacA	8	602.2171970749703	411.24656544860574	0.0002661592170198039
bacA	bacitracin	YP_002847905	bacA	1	76.65585200862718	52.34731922834816	3.387924099427907e-05
bacA	bacitracin	YP_002890644	bacA	63	4794.196358895923	3273.8965214849463	0.0021188693304022028
bacA	bacitracin	YP_274443	bacA	1	75.27714963437128	51.40582068107572	3.326990212747549e-05
bacA	bacitracin	YP_294981	bacA	1	71.18043400801095	48.60822499775187	3.145929520897342e-05
bacA	bacitracin	YP_523088	bacA	39	2935.80883574048	2004.827006561953	0.0012975261829715442
bacA	bacitracin	YP_550152	bacA	47	3538.02603281545	2416.0735720105586	0.001563685399991348
bacA	bacitracin	YP_581244	bacA	1	74.47347899770541	50.85700409017455	3.2914707442840525e-05
bacA	bacitracin	YP_608499	bacA	2	151.09781659462251	103.1828025223036	6.678002015478835e-05
bacA	bacitracin	YP_746446	bacA	29	2214.9064976361365	1512.5318479227462	0.000978912229750757
bacA	bacitracin	YP_791281	bacA	16	1204.4343941499405	822.4931308972115	0.0005323184340396078
bacA	bacitracin	YP_932216	bacA	5	380.4917745155494	259.83305726070995	0.00016816423257160339
bacA	bacitracin	YP_970399	bacA	110	8370.819039342086	5716.327259735619	0.0036996131165752746
bacA	bacitracin	YP_981592	bacA	56	4215.520379524793	2878.72595814024	0.0018631145191386274
bacA	bacitracin	YP_985461	bacA	81	6163.966747151901	4209.295527623502	0.0027242605676599746
bacA	bacitracin	YP_997055	bacA	18	1369.7703882559779	935.3990061385559	0.0006053912372577723
bacA	bacitracin	ZP_00051658	bacA	2	149.478911416823	102.07727249527892	6.60645199388442e-05
bacA	bacitracin	ZP_02884769	bacA	2	148.94695799541083	101.7140081803491	6.582941488568105e-05
bacA	bacitracin	ZP_03265942	bacA	3	225.02201718661524	153.66471128321558	9.945196549933534e-05
bacA	bacitracin	ZP_03541894	bacA	8	608.7868392248791	415.732891617136	0.0002690627721145654
bacA	bacitracin	ZP_03552050	bacA	48	3652.7210353492746	2494.3973497028155	0.0016143766326873925
bacA	bacitracin	ZP_04055725	bacA	1	73.68678731815217	50.31978221598257	3.256701687126122e-05
bacA	bacitracin	ZP_04210257	bacA	1	78.6731112720121	53.72488026067311	3.477079996781273e-05
bacA	bacitracin	ZP_04528247	bacA	1	74.7394557084115	51.03863624763946	3.30322599694221e-05
bacA	bacitracin	ZP_04577926	bacA	56	4230.73886464943	2889.118470624501	0.0018698405643340736
bacA	bacitracin	gi:585209153:gb:EWM45333.1:	bacA	1	86.83422239981418	59.2980006196641	3.8377729425054715e-05
baeR	multidrug	YP_490321.1	baeR	6	521.005334398885	355.7880037179846	0.0002302663765503283
baeS	multidrug	BAA15934.1	baeS	2	89.43182734339837	61.07187243307286	3.9525781159992254e-05
bcrA	bacitracin	gi:445996722:ref:WP_000074577.1:	bcrA	1	67.50660515598457	46.09941338496467	2.9835589649800603e-05
bicyclomycin-multidrug_efflux_protein_bcr	multidrug	BAH64410	bicyclomycin-multidrug_efflux_protein_bcr	2	104.89748169601611	71.63317368089749	4.6361066623750305e-05
bicyclomycin-multidrug_efflux_protein_bcr	multidrug	YP_001177494	bicyclomycin-multidrug_efflux_protein_bcr	1	52.44874084800806	35.81658684044874	2.3180533311875152e-05
bicyclomycin-multidrug_efflux_protein_bcr	multidrug	YP_002237398	bicyclomycin-multidrug_efflux_protein_bcr	1	52.44874084800806	35.81658684044874	2.3180533311875152e-05
bpeF	multidrug	ZP_02357857	bpeF	7	137.93722522456358	94.19559985440051	6.096349297558127e-05
bpeF	multidrug	ZP_02405550	bpeF	70	1379.3722522456358	941.9559985440052	0.0006096349297558127
bpeF	multidrug	ZP_02465589	bpeF	4	78.82127155689348	53.82605705965744	3.483628170033216e-05
cAMP-regulatory_protein	unclassified	gi:446164903:ref:WP_000242758.1:	cAMP-regulatory_protein	1	99.18032037135174	67.72899596843152	4.383427863240847e-05
cAMP-regulatory_protein	unclassified	gi:498913343:ref:WP_010848517.1:	cAMP-regulatory_protein	3	297.5409611140553	203.18698790529453	0.0001315028358972254
cAMP-regulatory_protein	unclassified	gi:499731375:ref:WP_011412109.1:	cAMP-regulatory_protein	17	1686.0654463129797	1151.3929314633356	0.0007451827367509439
carO	beta-lactam	AKL79742.1	carO	2	172.23907488358202	117.61990246369587	7.612372667850359e-05
catB	phenicol	AF036933.1.gene1.p01	catB	1	98.24904975753624	67.09304295464342	4.3422689161681625e-05
catB	phenicol	AJ223604.1.gene5.p01	catB	1	99.18032037135174	67.72899596843152	4.383427863240847e-05
catB	phenicol	AY232670.1.gene3.p01	catB	1	99.18032037135174	67.72899596843152	4.383427863240847e-05
catB	phenicol	gi:499386493:ref:WP_011073960.1:	catB	3	297.5409611140553	203.18698790529453	0.0001315028358972254
cat_chloramphenicol_acetyltransferase	phenicol	JQ808129.1.gene4.p01	cat_chloramphenicol_acetyltransferase	1	99.18032037135174	67.72899596843152	4.383427863240847e-05
cat_chloramphenicol_acetyltransferase	phenicol	M58472.1.gene1.p01	cat_chloramphenicol_acetyltransferase	1	99.65260761121532	68.05151499685262	4.4043013292562795e-05
ceoB	multidrug	AAB58161	ceoB	17	346.0698532801933	236.32675927895318	0.00015295093137592333
ceoB	multidrug	CAR56416	ceoB	30	588.3893420343547	401.8036967949124	0.00026004778232722173
ceoB	multidrug	YP_002095804	ceoB	96	1882.8458945099353	1285.7718297437195	0.0008321529034471096
ceoB	multidrug	gi:590120227:emb:CDN64284.1:	ceoB	1	19.949521066115558	13.623277549417587	8.81699980118035e-06
chloramphenicol_exporter	phenicol	AM296481.1.gene2.p01	chloramphenicol_exporter	1	49.59016018567587	33.86449798421576	2.1917139316204234e-05
chloramphenicol_exporter	phenicol	CAI43343	chloramphenicol_exporter	4	199.30521522243063	136.10302999370523	8.808602658512559e-05
chloramphenicol_exporter	phenicol	NP_044444	chloramphenicol_exporter	16	854.1652080961313	583.2986999730224	0.00037751154250768106
chloramphenicol_exporter	phenicol	NP_631702	chloramphenicol_exporter	10	532.4948498309216	363.6340496015025	0.00023534434583812177
chloramphenicol_exporter	phenicol	Z12001.1.gene1.p1	chloramphenicol_exporter	2	106.77065101201642	72.9123374966278	4.718894281346013e-05
class_A	beta-lactam	CAI46978	class_A	3	213.54130202403283	145.8246749932556	9.437788562692026e-05
class_A	beta-lactam	P14171	class_A	7	498.2630380560766	340.2575749842631	0.00022021506646281396
class_A	beta-lactam	P30898	class_A	1	70.46143972510176	48.1172328260574	3.114152455029693e-05
class_A	beta-lactam	gi:1027991238:gb:OAH46293.1:	class_A	28	2085.2574119357514	1423.9961145248874	0.0009216118083995345
class_A	beta-lactam	gi:1028105368:ref:WP_063860517.1:	class_A	2	145.32671943302233	99.2417927037434	6.422939438498741e-05
class_A	beta-lactam	gi:1039518206:ref:WP_064850904.1:	class_A	26	1844.4177544313075	1259.5297351959841	0.0008151689917877724
class_A	beta-lactam	gi:1039597595:ref:WP_064914787.1:	class_A	1	71.91425291531003	49.109340719378174	3.178361783999377e-05
class_A	beta-lactam	gi:1039621810:ref:WP_064935627.1:	class_A	51	3617.8963644614105	2470.6160190382766	0.001598985330045246
class_A	beta-lactam	gi:1039668493:ref:WP_064960176.1:	class_A	12	851.2697328144495	581.3214162443003	0.00037623184236358723
class_A	beta-lactam	gi:1039950884:ref:WP_065019937.1:	class_A	31	2229.341840374611	1522.3895623007236	0.0009852921530398068
class_A	beta-lactam	gi:1045851695:ref:WP_065538049.1:	class_A	1	71.18043400801095	48.60822499775187	3.145929520897342e-05
class_A	beta-lactam	gi:518177613:ref:WP_019347821.1:	class_A	33	2340.991765239736	1598.6338946718258	0.001034637566499865
class_A	beta-lactam	gi:656080105:ref:WP_029111145.1:	class_A	23	1631.6003212276948	1114.1993811349091	0.0007211110311968756
class_A	beta-lactam	gi:738496032:ref:WP_036445106.1:	class_A	75	5320.4358300903095	3633.2588515268767	0.00235144901477242
class_A	beta-lactam	gi:746271380:ref:WP_039319187.1:	class_A	96	6810.157862515596	4650.571329954402	0.003009854738908698
class_A	beta-lactam	gi:764947227:ref:WP_044517721.1:	class_A	56	3972.592086467431	2712.8332758067345	0.0017557485976967405
class_A	beta-lactam	gi:941305760:ref:WP_055113124.1:	class_A	1	70.93914440120413	48.44345135369169	3.1352653530298936e-05
class_B	beta-lactam	AAP69913	class_B	2	164.1337066537664	112.0848482301102	7.254143365833871e-05
class_C	beta-lactam	YP_857635	class_C	1	49.35624433574345	33.704759786177	2.181375658358063e-05
class_C	beta-lactam	gi:487414406:ref:WP_001681940.1:	class_C	1	55.36255978400851	37.80639722047368	2.446834071809044e-05
class_C	beta-lactam	gi:754687004:ref:WP_042065775.1:	class_C	1	51.92815781229582	35.4610872192036	2.2950453576769692e-05
cmeB	multidrug	gi:488959735:ref:WP_002870772.1:	cmeB	14	281.43964109219314	192.19159855018893	0.00012438660814614278
cmlA	phenicol	YP_001338812	cmlA	2	95.99563118511568	65.55421169421582	4.242675592402838e-05
cmrA	phenicol	AF015087.1.gene1.p01	cmrA	2	106.77065101201642	72.9123374966278	4.718894281346013e-05
cob(I)alamin_adenolsyltransferase	unclassified	gi:447201635:ref:WP_001278891.1:	cob(I)alamin_adenolsyltransferase	3	318.68600403586623	217.62667232496014	0.00014084821509804344
cpxA	aminoglycoside:aminocoumarin	NP_312864.1	cpxA	1	45.69224366453105	31.202659714714077	2.0194394741131414e-05
dfrA14	diaminopyrimidine	CAA90688	dfrA14	1	132.44966834402035	90.44821613505727	5.853818222429232e-05
dfrA15	diaminopyrimidine	CAI29521	dfrA15	1	132.44966834402035	90.44821613505727	5.853818222429232e-05
dfrA22	diaminopyrimidine	CAX16467	dfrA22	4	504.2662071892823	344.35706383949514	0.00022286826003465509
dfrA3	diaminopyrimidine	AAA25550.1	dfrA3	1	128.38679508193385	87.67373097754017	5.6742532462810964e-05
dfrB2	diaminopyrimidine	P00384	dfrB2	3	794.6980100641222	542.6892968103436	0.0003512290933457539
efpA	multidrug	NP_217362.1	efpA	875	34484.3063061409	23548.899963600128	0.015240873243895316
efrA	multidrug	CDO61513.1	efrA	2	86.11953744179101	58.80995123184793	3.8061863339251794e-05
efrB	multidrug	CDO61516.1	efrB	3	172.95080659797702	118.10593511850453	7.6438287532547e-05
emrA	multidrug	gi:1000898052:ref:WP_061153581.1:	emrA	1	53.52186086535861	36.54940703155767	2.365481532337132e-05
emrA	multidrug	gi:1035701600:ref:WP_064543230.1:	emrA	9	481.6967477882275	328.94466328401904	0.0002128933379103419
emrA	multidrug	gi:490131215:ref:WP_004031596.1:	emrA	1	53.52186086535861	36.54940703155767	2.365481532337132e-05
emrA	multidrug	gi:498120214:ref:WP_010434370.1:	emrA	2	107.04372173071722	73.09881406311534	4.730963064674264e-05
emrA	multidrug	gi:506486765:ref:WP_015963310.1:	emrA	3	160.56558259607587	109.648221094673	7.096444597011397e-05
emrA	multidrug	gi:559225332:ref:WP_023581116.1:	emrA	1	53.24948498309216	36.36340496015025	2.353443458381218e-05
emrA	multidrug	gi:585235380:ref:WP_024171025.1:	emrA	1	53.52186086535861	36.54940703155767	2.365481532337132e-05
emrA	multidrug	gi:654549100:ref:WP_028016802.1:	emrA	13	695.784191249662	475.14229141024975	0.00030751259920382715
emrA	multidrug	gi:695837578:ref:WP_032750955.1:	emrA	1	53.52186086535861	36.54940703155767	2.365481532337132e-05
emrA	multidrug	gi:740422437:ref:WP_038255191.1:	emrA	1	53.52186086535861	36.54940703155767	2.365481532337132e-05
emrA	multidrug	gi:754957001:ref:WP_042313108.1:	emrA	2	107.04372173071722	73.09881406311534	4.730963064674264e-05
emrA	multidrug	gi:754970141:ref:WP_042326041.1:	emrA	1	53.52186086535861	36.54940703155767	2.365481532337132e-05
emrA	multidrug	gi:838616135:gb:KLW00339.1:	emrA	3	175.36632065660797	119.7554593520032	7.750586138076692e-05
emrA	multidrug	gi:896287759:ref:WP_049270942.1:	emrA	1	53.52186086535861	36.54940703155767	2.365481532337132e-05
emrA	multidrug	gi:915611986:ref:WP_050861353.1:	emrA	1	53.52186086535861	36.54940703155767	2.365481532337132e-05
emrA	multidrug	gi:930176935:ref:WP_054177683.1:	emrA	6	321.13116519215174	219.296442189346	0.00014192889194022793
emrB	multidrug	NC_010410.6003262.p01	emrB	24	988.6794140955221	675.1567629609	0.0004369621791230639
emrB	multidrug	gi:1016518516:ref:WP_063098254.1:	emrB	4	164.7799023492537	112.52612716014998	7.282702985384399e-05
emrB	multidrug	gi:485699692:ref:WP_001333029.1:	emrB	2	81.58693020801255	55.714690640698045	3.605860737402802e-05
emrB	multidrug	gi:873899935:ref:WP_048606368.1:	emrB	1	41.937971138988416	28.63891412693196	1.8535135854585544e-05
emrB	multidrug	gi:917770481:ref:WP_052284485.1:	emrB	1	40.79346510400627	27.857345320349022	1.802930368701401e-05
emrB	multidrug	gi:928870254:ref:WP_053909077.1:	emrB	1	40.71410038590509	27.803148150465073	1.799422722069686e-05
emrB	multidrug	gi:983377615:ref:WP_060555304.1:	emrB	1	40.79346510400627	27.857345320349022	1.802930368701401e-05
emrD	multidrug	CP000647.1.gene4115.p01	emrD	1	54.49751978738338	37.21567226390377	2.4086022894370278e-05
emrD	multidrug	YP_001174764	emrD	1	52.97986733760815	36.17928645402291	2.341527288971693e-05
emrD	multidrug	YP_002400178	emrD	1	52.97986733760815	36.17928645402291	2.341527288971693e-05
emrD	multidrug	gi:489114053:ref:WP_003023905.1:	emrD	1	52.97986733760815	36.17928645402291	2.341527288971693e-05
emrE	multidrug	CP001138.1.gene1489.p01	emrE	1	185.1951114898692	126.46741725078806	8.184984771184235e-05
emrE	multidrug	NC_008702.1.4608023.p01	emrE	3	527.5726285299635	360.2727264539256	0.00023316889390180302
emrK	multidrug	gi:727382096:ref:WP_033804165.1:	emrK	2	107.87137937296504	73.66401107906727	4.7675426759990654e-05
eptA	peptide	BAE78116.1	eptA	1	38.188043062692	26.07813530901286	1.6877797064668223e-05
ereA	MLS	AAK69613	ereA	32	1637.3240174752248	1118.10802146418	0.0007236407073985867
ereA	MLS	AAZ14842	ereA	2	102.83561473393229	70.2251506110027	4.544979258691984e-05
ereA	MLS	gi:550713585:ref:WP_022646491.1:	ereA	4	239.8515484052174	163.79161202680856	0.00010600610649212821
ereB	MLS	A15097.gene.p01	ereB	1	49.82630380560766	34.02575749842631	2.2021506646281398e-05
ereB	MLS	BAE54319	ereB	3	149.478911416823	102.07727249527892	6.60645199388442e-05
erm(35)	MLS	AF319779.2.orf0.gene.p01	erm(35)	1	78.37845542455139	53.5236634806706	3.464057225257748e-05
erm(38)	MLS	DQ144639.1.orf1.gene.p01	erm(38)	22	1217.9763152481873	831.7407388504209	0.0005383034957979896
erm(38)	MLS	gi:500047079:ref:WP_011727797.1:	erm(38)	21	1135.5762262673372	775.4707522897158	0.0005018855003105992
erm(39)	MLS	AY487229.1.gene4.p01	erm(39)	64	5422.39289997868	3702.8840548894705	0.0023965105208584776
ermB	MLS	AAL91930	ermB	3	255.20789754091732	174.2782701138908	0.00011279308282241692
ermB	MLS	gi:446961536:ref:WP_001038792.1:	ermB	1	85.06929918030576	58.09275670463028	3.759769427413897e-05
ermB	MLS	gi:446961539:ref:WP_001038795.1:	ermB	8	680.5543934424461	464.74205363704226	0.0003007815541931118
ermB	MLS	gi:488250641:ref:WP_002321849.1:	ermB	1	85.06929918030576	58.09275670463028	3.759769427413897e-05
ermF	MLS	ZP_04543635	ermF	1	78.37845542455139	53.5236634806706	3.464057225257748e-05
ermF	MLS	gi:7715978:gb:AAF68230.1:AF203972_3	ermF	7	548.6491879718596	374.6656443646941	0.00024248400576804235
ermG	MLS	AAC37034	ermG	1	85.41652080961312	58.32986999730224	3.775115425076811e-05
farA	antibacterial_free_fatty_acids	NP_273367.1	farA	1	54.35596778793563	37.119008180101424	2.4023461795943343e-05
farB	antibacterial_free_fatty_acids	NP_273368.1	farB	2	82.22808486583584	56.15252710938722	3.6341975604865174e-05
floR	phenicol	AF332662.1.gene1.p01	floR	1	51.67172246507461	35.28597073910876	2.283711800355108e-05
floR	phenicol	AM296480.1.gene1.p01	floR	5	258.3586123253731	176.4298536955438	0.0001141855900177554
floR	phenicol	gi:1028086699:ref:WP_063845073.1:	floR	10	516.7172246507462	352.8597073910876	0.0002283711800355108
floR	phenicol	gi:1028086745:ref:WP_063845118.1:	floR	4	206.68688986029844	141.14388295643505	9.134847201420431e-05
floR	phenicol	gi:446136270:ref:WP_000214125.1:	floR	4	206.68688986029844	141.14388295643505	9.134847201420431e-05
floR	phenicol	gi:695688999:ref:WP_032634100.1:	floR	3	155.01516739522384	105.85791221732629	6.851135401065324e-05
floR	phenicol	gi:730661043:ref:WP_034065992.1:	floR	8	413.3737797205969	282.2877659128701	0.00018269694402840863
floR	phenicol	gi:742921897:ref:WP_039023559.1:	floR	20	1033.4344493014924	705.7194147821752	0.0004567423600710216
golS	multidrug	NP_459349.1	golS	5	675.0660515598458	460.99413384964674	0.000298355896498006
kasugamycin_resistance_protein_ksgA	aminoglycoside	A7ZW03	kasugamycin_resistance_protein_ksgA	5	381.88043062692003	260.7813530901286	0.00016877797064668225
kasugamycin_resistance_protein_ksgA	aminoglycoside	Q7N8V7	kasugamycin_resistance_protein_ksgA	1	76.65585200862718	52.34731922834816	3.387924099427907e-05
kasugamycin_resistance_protein_ksgA	aminoglycoside	YP_001476958	kasugamycin_resistance_protein_ksgA	3	229.96755602588152	157.0419576850445	0.00010163772298283722
kasugamycin_resistance_protein_ksgA	aminoglycoside	YP_002113107	kasugamycin_resistance_protein_ksgA	1	76.376086125384	52.15627061802572	3.3755594129336445e-05
kdpE	aminoglycoside	NP_415222.1	kdpE	45	4166.890008522057	2845.5168881427307	0.0018416215735164532
linG	MLS	ABG65740.1	linG	1	76.376086125384	52.15627061802572	3.3755594129336445e-05
lmrD	MLS	ABF66027.1	lmrD	1	31.564174356493535	21.55477850579042	1.3950275703526675e-05
lmrP	MLS	NP_268322	lmrP	1	51.166375546100774	34.940875670755624	2.2613772106205833e-05
lnuD	MLS	ABR14060.1	lnuD	1	126.83059150518314	86.61101908690333	5.605474419053446e-05
lrfA	fluoroquinolone	AAC43550.1	lrfA	888	36798.45201453353	25129.201022996192	0.016263645779796256
macA	MLS	EU408349.1.gene24.p01	macA	14	541.5502151145527	369.81784489971665	0.0002393465047691952
macA	MLS	NC_008702.1.4609191.p01	macA	25	1362.4379946845845	930.3918065975944	0.000602150572359257
macA	MLS	gi:1033056571:ref:WP_064367823.1:	macA	1	56.25550429665381	38.416177820803895	2.4862991374833835e-05
macA	MLS	gi:447046962:ref:WP_001124218.1:	macA	1	46.92163138644668	32.04219315995302	2.0737741684838984e-05
macA	MLS	gi:490848588:ref:WP_004710651.1:	macA	1	46.816661293859546	31.970510401205928	2.069134852670735e-05
macA	MLS	gi:498115001:ref:WP_010429157.1:	macA	2	112.51100859330762	76.83235564160779	4.972598274966767e-05
macA	MLS	gi:518287882:ref:WP_019458090.1:	macA	3	140.44998388157865	95.91153120361777	6.207404558012206e-05
macA	MLS	gi:691159922:ref:WP_032067808.1:	macA	1	46.92163138644668	32.04219315995302	2.0737741684838984e-05
macA	MLS	gi:780007567:ref:WP_045435047.1:	macA	1	46.816661293859546	31.970510401205928	2.069134852670735e-05
macB	MLS	AAV85982.1	macB	25	811.125875905241	553.9076802069399	0.0003584896430789995
macB	MLS	YP_001176128	macB	1	32.34474126484578	22.08781785060131	1.4295259337616982e-05
macB	MLS	YP_002040143	macB	4	128.98026254764386	88.07900246125763	5.7004824600543526e-05
macB	MLS	YP_002382193	macB	7	225.71545945837676	154.13825430720084	9.975844305095117e-05
macB	MLS	gi:1015890335:ref:WP_062865166.1:	macB	6	193.47039382146582	132.11850369188645	8.550723690081528e-05
macB	MLS	gi:1016530977:ref:WP_063106245.1:	macB	1	32.34474126484578	22.08781785060131	1.4295259337616982e-05
macB	MLS	gi:1022664304:ref:WP_063420886.1:	macB	31	999.5970347442401	682.6122690747466	0.00044178739065421234
macB	MLS	gi:1028112073:ref:WP_063866263.1:	macB	3	97.03422379453733	66.26345355180393	4.288577801285094e-05
macB	MLS	gi:1033064422:ref:WP_064375412.1:	macB	8	257.9605250952877	176.15800492251526	0.00011400964920108705
macB	MLS	gi:1046630742:ref:WP_065696754.1:	macB	1	32.34474126484578	22.08781785060131	1.4295259337616982e-05
macB	MLS	gi:446048013:ref:WP_000125868.1:	macB	6	193.47039382146582	132.11850369188645	8.550723690081528e-05
macB	MLS	gi:446110311:ref:WP_000188166.1:	macB	4	128.98026254764386	88.07900246125763	5.7004824600543526e-05
macB	MLS	gi:446110340:ref:WP_000188195.1:	macB	34	1096.3322316549727	748.6715209206898	0.00048454100910461995
macB	MLS	gi:485890120:ref:WP_001482667.1:	macB	13	419.18585327984255	286.2567579990873	0.00018526567995176644
macB	MLS	gi:486425021:ref:WP_001614493.1:	macB	1	32.245065636910965	22.019750615314408	1.4251206150135882e-05
macB	MLS	gi:502669352:ref:WP_012905216.1:	macB	3	96.73519691073291	66.05925184594322	4.275361845040764e-05
macB	MLS	gi:516510995:ref:WP_017899433.1:	macB	5	161.72370632422889	110.43908925300656	7.14762966880849e-05
macB	MLS	gi:554685678:ref:WP_023185565.1:	macB	4	128.98026254764386	88.07900246125763	5.7004824600543526e-05
macB	MLS	gi:639218559:ref:WP_024556062.1:	macB	11	354.6957220060207	242.21725676845847	0.0001567632676514947
macB	MLS	gi:671541568:ref:WP_031525212.1:	macB	6	193.47039382146582	132.11850369188645	8.550723690081528e-05
macB	MLS	gi:693000985:ref:WP_032187271.1:	macB	1	32.245065636910965	22.019750615314408	1.4251206150135882e-05
macB	MLS	gi:693057297:ref:WP_032225054.1:	macB	2	64.49013127382193	44.039501230628815	2.8502412300271763e-05
macB	MLS	gi:694113305:ref:WP_032455256.1:	macB	4	129.37896505938312	88.35127140240525	5.718103735046793e-05
macB	MLS	gi:696402390:ref:WP_032974230.1:	macB	1	32.294826540671636	22.053731711942977	1.4273198752219425e-05
macB	MLS	gi:736472622:ref:WP_034494292.1:	macB	4	128.98026254764386	88.07900246125763	5.7004824600543526e-05
macB	MLS	gi:740856590:ref:WP_038641842.1:	macB	1	32.245065636910965	22.019750615314408	1.4251206150135882e-05
macB	MLS	gi:742378414:ref:WP_038857601.1:	macB	1	32.294826540671636	22.053731711942977	1.4273198752219425e-05
macB	MLS	gi:749017716:ref:WP_040076354.1:	macB	1	32.34474126484578	22.08781785060131	1.4295259337616982e-05
macB	MLS	gi:754927849:ref:WP_042284850.1:	macB	4	128.98026254764386	88.07900246125763	5.7004824600543526e-05
macB	MLS	gi:766961649:ref:WP_044860626.1:	macB	1	32.245065636910965	22.019750615314408	1.4251206150135882e-05
macB	MLS	gi:798832510:ref:WP_045890489.1:	macB	2	64.68948252969156	44.17563570120262	2.8590518675233963e-05
macB	MLS	gi:810369244:ref:WP_046334012.1:	macB	2	64.58965308134327	44.10746342388595	2.854639750443885e-05
macB	MLS	gi:823291602:ref:WP_047047573.1:	macB	1	32.245065636910965	22.019750615314408	1.4251206150135882e-05
macB	MLS	gi:835330218:ref:WP_047457825.1:	macB	2	64.49013127382193	44.039501230628815	2.8502412300271763e-05
macB	MLS	gi:851922185:ref:WP_048218206.1:	macB	2	64.49013127382193	44.039501230628815	2.8502412300271763e-05
macB	MLS	gi:852125444:ref:WP_048290339.1:	macB	3	97.03422379453733	66.26345355180393	4.288577801285094e-05
macB	MLS	gi:895865878:ref:WP_048974758.1:	macB	1	32.34474126484578	22.08781785060131	1.4295259337616982e-05
macB	MLS	gi:895898290:ref:WP_048999361.1:	macB	1	32.34474126484578	22.08781785060131	1.4295259337616982e-05
macB	MLS	gi:895899849:ref:WP_049000782.1:	macB	1	32.34474126484578	22.08781785060131	1.4295259337616982e-05
macB	MLS	gi:896325272:ref:WP_049294291.1:	macB	2	64.49013127382193	44.039501230628815	2.8502412300271763e-05
macB	MLS	gi:924503108:ref:WP_053510027.1:	macB	1	32.245065636910965	22.019750615314408	1.4251206150135882e-05
macB	MLS	gi:928831144:ref:WP_053888514.1:	macB	6	193.47039382146582	132.11850369188645	8.550723690081528e-05
macB	MLS	gi:928834186:ref:WP_053890508.1:	macB	3	96.73519691073291	66.05925184594322	4.275361845040764e-05
macB	MLS	gi:938460528:ref:WP_054624864.1:	macB	15	484.4223981100744	330.80597567914464	0.00021409798128329134
macB	MLS	gi:959109145:ref:WP_058113944.1:	macB	2	64.49013127382193	44.039501230628815	2.8502412300271763e-05
macB	MLS	gi:968563772:ref:WP_058587854.1:	macB	6	193.47039382146582	132.11850369188645	8.550723690081528e-05
major_facilitator_superfamily_transporter	multidrug	NC_010410.6002639.p01	major_facilitator_superfamily_transporter	29	1307.940474897201	893.1761343336906	0.0005780645494648867
marA	multidrug	YP_489794.1	marA	1	163.49255936215013	111.64701679171132	7.225806868311083e-05
marR	multidrug	gi:490834801:ref:WP_004696885.1:	marR	3	405.03963093590744	276.59648030978803	0.0001790135378988036
mdfA	multidrug	gi:260409568:gb:EEX02869.1:	mdfA	2	101.09684830123294	69.03776883738671	4.468131783303472e-05
mdfA	multidrug	gi:489749743:ref:WP_003653752.1:	mdfA	5	255.20789754091732	174.2782701138908	0.00011279308282241692
mdfA	multidrug	gi:499249594:ref:WP_010947134.1:	mdfA	3	147.02843745917016	100.40387458552024	6.498149502181395e-05
mdfA	multidrug	gi:502961756:ref:WP_013196732.1:	mdfA	8	408.3326360654677	278.84523218222535	0.00018046893251586705
mdsB	multidrug	NP_459346.1	mdsB	37	733.23935713934	500.7199540961598	0.00032406648985152737
mdtB	multidrug	CP001138.1.gene2235.p01	mdtB	91	1829.3576670992554	1249.2453905762281	0.000808512952949928
mdtB	multidrug	CP001918.1.gene3440.p01	mdtB	77	1547.9180260070623	1057.0537920260392	0.0006841263448037852
mdtB	multidrug	CP004022.1.gene1673.p01	mdtB	100	2004.5064749382395	1368.8523131550814	0.0008859226811722402
mdtB	multidrug	gi:447120586:ref:WP_001197842.1:	mdtB	44	884.5245862897499	604.0307383005938	0.0003909293398878772
mdtB	multidrug	gi:447120620:ref:WP_001197876.1:	mdtB	34	683.4962712238976	466.7510250504589	0.0003020817626406324
mdtB	multidrug	gi:447120629:ref:WP_001197885.1:	mdtB	198	3980.3606383038746	2718.1383223526727	0.0017591820294954477
mdtB	multidrug	gi:692993216:ref:WP_032180947.1:	mdtB	1	20.102831506585222	13.727971325013495	8.884757724724482e-06
mdtB	multidrug	gi:857778812:emb:CRL60247.1:	mdtB	17	340.76610073950064	232.70489323636383	0.00015060685579928082
mdtC	multidrug	CP001138.1.gene2236.p01	mdtC	16	326.02995284681936	222.64176279398714	0.00014409398701364264
mdtC	multidrug	CP001918.1.gene3441.p01	mdtC	56	1142.2170229121755	780.0056689697726	0.0005048205032363922
mdtC	multidrug	CP004022.1.gene1674.p01	mdtC	32	651.4256061744815	444.8503704074412	0.00028790763553114974
mdtC	multidrug	NC_002695.1.916586.p01	mdtC	12	244.7607906240376	167.14407192209416	0.00010817582212208405
mdtC	multidrug	gi:446590187:ref:WP_000667533.1:	mdtC	3	61.1901976560094	41.78601798052354	2.704395553052101e-05
mdtC	multidrug	gi:446590244:ref:WP_000667590.1:	mdtC	19	387.5379184880596	264.64478054331573	0.00017127838502663308
mdtC	multidrug	gi:447132838:ref:WP_001210094.1:	mdtC	2	40.75374410585242	27.830220349248393	1.801174837670533e-05
mdtC	multidrug	gi:486197861:ref:WP_001547461.1:	mdtC	14	285.55425572804387	195.00141724244315	0.00012620512580909806
mdtC	multidrug	gi:545263888:ref:WP_021556954.1:	mdtC	1	20.396732552003137	13.928672660174511	9.014651843507004e-06
mdtC	multidrug	gi:657322971:ref:WP_029396025.1:	mdtC	109	2223.2438481683416	1518.2253199590218	0.0009825970509422634
mdtC	multidrug	gi:857586087:emb:CRL63209.1:	mdtC	85	1730.3492664009664	1181.6337963947658	0.0007647546568796165
mdtC	multidrug	gi:857778813:emb:CRL60249.1:	mdtC	2	40.71410038590509	27.803148150465073	1.799422722069686e-05
mdtD	multidrug	gi:446053005:ref:WP_000130860.1:	mdtD	1	44.336965250752584	30.27715709605731	1.9595408456436837e-05
mdtE	multidrug	CP001918.1.gene3442.p01	mdtE	1	45.69224366453105	31.202659714714077	2.0194394741131414e-05
mdtE	multidrug	gi:447004719:ref:WP_001081975.1:	mdtE	2	108.43029843707367	74.04568989294845	4.7922449696570915e-05
mdtF	multidrug	YP_002384138	mdtF	1	20.1609321756794	13.767647542715846	8.910436215258369e-06
mdtF	multidrug	gi:487391485:ref:WP_001662771.1:	mdtF	8	161.2874574054352	110.14118034172677	7.128348972206695e-05
mdtF	multidrug	gi:493738074:ref:WP_006687252.1:	mdtF	6	120.84916803670001	82.52638007318026	5.341116145200108e-05
mdtF	multidrug	gi:507086511:ref:WP_016157252.1:	mdtF	1	20.14152800611667	13.754396678863378	8.90186024200018e-06
mdtF	multidrug	gi:643605601:ref:WP_025238134.1:	mdtF	5	100.804660878397	68.83823771357923	4.455218107629184e-05
mdtG	multidrug	YP_001478113	mdtG	1	50.793804850376745	34.6864518187841	2.244910871708298e-05
mdtG	multidrug	gi:695821515:ref:WP_032735190.1:	mdtG	1	50.670817429431516	34.60246525263692	2.2394752521642096e-05
mdtG	multidrug	gi:852302959:ref:WP_048335084.1:	mdtG	1	51.166375546100774	34.940875670755624	2.2613772106205833e-05
mdtH	multidrug	gi:695765344:ref:WP_032688377.1:	mdtH	1	51.92815781229582	35.4610872192036	2.2950453576769692e-05
mdtH	multidrug	gi:992380800:ref:WP_061068126.1:	mdtH	1	51.92815781229582	35.4610872192036	2.2950453576769692e-05
mdtK	multidrug	YP_001176513	mdtK	1	45.69224366453105	31.202659714714077	2.0194394741131414e-05
mdtK	multidrug	gi:364568766:gb:EHM46406.1:	mdtK	1	45.29663982327969	30.932506816751186	2.0019551496619452e-05
mdtK	multidrug	gi:444783984:gb:ELX07817.1:	mdtK	2	96.8844796220149	66.16119513582893	4.281959625665827e-05
mdtK	multidrug	gi:491269060:ref:WP_005127195.1:	mdtK	2	91.3844873290621	62.405319429428154	4.038878948226283e-05
mdtK	multidrug	gi:571687965:gb:ETQ77597.1:	mdtK	9	435.98015829906706	297.72537811123016	0.00019268818315496222
mecI	beta-lactam	CP000675.2.gene1723.p01	mecI	11	1644.268025585053	1122.8499974480683	0.0007267097193272861
mef(B)	MLS	ACJ63262.1	mef(B)	6	306.2494770491008	209.133924136669	0.00013535169938690028
mefA	MLS	CAI94891	mefA	1	51.54445221269758	35.19905948113066	2.278086894442903e-05
mefA	MLS	CAJ45367	mefA	1	51.54445221269758	35.19905948113066	2.278086894442903e-05
mefA	MLS	gi:496263491:ref:WP_008976876.1:	mefA	1	51.54445221269758	35.19905948113066	2.278086894442903e-05
mefA	MLS	gi:637008561:ref:WP_024410015.1:	mefA	4	206.1778088507903	140.79623792452264	9.112347577771612e-05
mefA	MLS	gi:653620347:ref:WP_027630679.1:	mefA	1	51.417807366966144	35.11257530550135	2.272489629345992e-05
mefA	MLS	gi:983204316:ref:WP_060470352.1:	mefA	1	51.54445221269758	35.19905948113066	2.278086894442903e-05
mefC	MLS	BAL43360.1	mefC	7	359.042483305114	245.18560550336605	0.00015868438612761594
mel	MLS	WP_000420313.1	mel	3	128.64988277677386	87.85339026233022	5.6858808144087216e-05
metallo-beta-lactamase	beta-lactam	gi:970317850:ref:WP_058685394.1:	metallo-beta-lactamase	2	127.9941749134876	87.40561559228776	5.656900789870451e-05
mexB	multidrug	NC_011595.7057907.p01	mexB	24	486.6755255431446	332.3446081241639	0.00021509378584739968
mexB	multidrug	YP_001345921	mexB	4	79.95051613507248	54.597204008936195	3.53353688307094e-05
mexB	multidrug	YP_298289	mexB	10	199.11558133544452	135.97353139237916	8.800221495183812e-05
mexB	multidrug	gi:503722573:ref:WP_013956649.1:	mexB	26	516.2269806045879	352.524925885024	0.00022815450908671048
mexB	multidrug	gi:505288054:ref:WP_015475156.1:	mexB	12	239.8515484052174	163.79161202680856	0.00010600610649212821
mexB	multidrug	gi:552491341:gb:ERX48481.1:	mexB	37	739.5422742494203	505.0241370826599	0.000326852161684062
mexB	multidrug	gi:759528585:ref:WP_043248665.1:	mexB	4	79.87422747463825	54.54510744022538	3.5301651875718274e-05
mexC	multidrug	YP_002256705	mexC	1	54.21514921853684	37.02284494647422	2.3961224848285457e-05
mexC	multidrug	gi:655471138:ref:WP_028854053.1:	mexC	1	54.21514921853684	37.02284494647422	2.3961224848285457e-05
mexC	multidrug	gi:685892102:ref:WP_031633341.1:	mexC	21	1132.6494834161329	773.4721163302063	0.0005005919809799018
mexD	multidrug	YP_001350571	mexD	15	300.67597124073586	205.3278469732622	0.00013288840217583602
mexD	multidrug	YP_001668663	mexD	23	461.036489235795	314.8360320256687	0.0002037622166696152
mexD	multidrug	YP_348488	mexD	11	220.49571224320633	150.57375444705895	9.74514949289464e-05
mexD	multidrug	YP_608682	mexD	4	80.25713364661637	54.80658925921016	3.5470883188641176e-05
mexD	multidrug	gi:1011729993:ref:WP_062573631.1:	mexD	10	200.64283411654094	137.0164731480254	8.867720797160294e-05
mexD	multidrug	gi:489210576:ref:WP_003119403.1:	mexD	1	20.045064749382394	13.688523131550815	8.859226811722401e-06
mexD	multidrug	gi:496339859:ref:WP_009049037.1:	mexD	7	140.31545324567674	95.8196619208557	6.20145876820568e-05
mexD	multidrug	gi:499256187:ref:WP_010953727.1:	mexD	8	160.51426729323273	109.61317851842033	7.094176637728235e-05
mexD	multidrug	gi:553756961:ref:WP_023089641.1:	mexD	5	100.22532374691197	68.44261565775408	4.429613405861201e-05
mexD	multidrug	gi:553771491:ref:WP_023103521.1:	mexD	4	80.18025899752958	54.75409252620326	3.5436907246889605e-05
mexD	multidrug	gi:730504935:ref:WP_034031531.1:	mexD	11	220.49571224320633	150.57375444705895	9.74514949289464e-05
mexD	multidrug	gi:852273548:ref:WP_048328542.1:	mexD	20	400.9012949876479	273.7704626310163	0.00017718453623444803
mexE	multidrug	CP001918.1.gene1258.p01	mexE	1	52.580521603907584	35.906578264670976	2.3238775857884893e-05
mexE	multidrug	gi:505289665:ref:WP_015476767.1:	mexE	1	50.793804850376745	34.6864518187841	2.244910871708298e-05
mexF	multidrug	CAY49157	mexF	5	98.7124886714869	67.409519572354	4.362751316716126e-05
mexF	multidrug	CP000675.2.gene2298.p01	mexF	62	1232.1718433979331	841.4346868556706	0.0005445774293154487
mexF	multidrug	CP000675.2.gene2723.p01	mexF	18	358.40804640380014	244.7523565062825	0.0001584039869133086
mexF	multidrug	EEB58431	mexF	1	19.668277818003023	13.431220065168278	8.692699991953183e-06
mexF	multidrug	NP_792892	mexF	12	236.01933381603627	161.17464078201937	0.00010431239990343819
mexF	multidrug	YP_001187672	mexF	19	375.10745695165014	256.15617437494524	0.00016578455003521278
mexF	multidrug	YP_001668745	mexF	51	1006.8673844491661	687.5770996380108	0.0004450006343050448
mexF	multidrug	YP_002800512	mexF	15	296.69727218840103	202.6108433271132	0.0001311299545099932
mexF	multidrug	YP_236040	mexF	5	98.34138909001511	67.1561003258414	4.346349995976591e-05
mexF	multidrug	YP_260346	mexF	23	454.07744788883963	310.08379003282846	0.0002006865605689418
mexF	multidrug	YP_348389	mexF	36	708.0580014481088	483.52392234605804	0.0003129371997103146
mexF	multidrug	YP_607927	mexF	3	59.22749320289213	40.4457117434124	2.6176507900296756e-05
mexF	multidrug	gi:489252358:ref:WP_003160388.1:	mexF	2	39.373560862380465	26.887710534974694	1.7401755016816908e-05
mexF	multidrug	gi:489273629:ref:WP_003181339.1:	mexF	6	118.45498640578425	80.8914234868248	5.235301580059351e-05
mexF	multidrug	gi:489294780:ref:WP_003202298.1:	mexF	4	78.9699909371895	53.9276156578832	3.4902010533729005e-05
mexF	multidrug	gi:489303418:ref:WP_003210869.1:	mexF	4	78.9699909371895	53.9276156578832	3.4902010533729005e-05
mexF	multidrug	gi:489327637:ref:WP_003234928.1:	mexF	6	118.45498640578425	80.8914234868248	5.235301580059351e-05
mexF	multidrug	gi:489512421:ref:WP_003417270.1:	mexF	1	19.668277818003023	13.431220065168278	8.692699991953183e-06
mexF	multidrug	gi:489544697:ref:WP_003449357.1:	mexF	29	571.9928184281822	390.6067166171842	0.0002528010847801201
mexF	multidrug	gi:490805434:ref:WP_004667559.1:	mexF	4	78.6731112720121	53.72488026067311	3.477079996781273e-05
mexF	multidrug	gi:491017944:ref:WP_004879650.1:	mexF	23	452.37038981406954	308.9180614988705	0.0001999320998149232
mexF	multidrug	gi:496334960:ref:WP_009044138.1:	mexF	1	19.742497734297373	13.4819039144708	8.725502633432251e-06
mexF	multidrug	gi:496340078:ref:WP_009049256.1:	mexF	13	256.6524705458659	175.26475088812043	0.00011343153423461926
mexF	multidrug	gi:497896441:ref:WP_010210597.1:	mexF	2	39.48499546859475	26.9638078289416	1.7451005266864503e-05
mexF	multidrug	gi:504104202:ref:WP_014338188.1:	mexF	19	375.10745695165014	256.15617437494524	0.00016578455003521278
mexF	multidrug	gi:504907940:ref:WP_015095042.1:	mexF	5	98.7124886714869	67.409519572354	4.362751316716126e-05
mexF	multidrug	gi:505289664:ref:WP_015476766.1:	mexF	31	607.4330295402731	414.80839197519714	0.0002684644349574754
mexF	multidrug	gi:512735233:ref:WP_016493075.1:	mexF	7	137.80746301833165	94.10698687241141	6.0906142558859184e-05
mexF	multidrug	gi:514421161:ref:WP_016568324.1:	mexF	6	118.00966690801813	80.58732039100968	5.2156199951719095e-05
mexF	multidrug	gi:517405910:ref:WP_018578567.1:	mexF	15	294.7471492726087	201.27912886393028	0.00013026806748504488
mexF	multidrug	gi:553772468:ref:WP_023104400.1:	mexF	5	98.43390215595116	67.21927633743674	4.350438754204227e-05
mexF	multidrug	gi:644964905:ref:WP_025385660.1:	mexF	19	376.17209495624326	256.88320230599993	0.00016625508328980658
mexF	multidrug	gi:654923461:ref:WP_028373991.1:	mexF	32	625.8556291096887	427.3889539989248	0.00027660658815516074
mexF	multidrug	gi:654933144:ref:WP_028383500.1:	mexF	18	354.0290007240544	241.76196117302902	0.0001564685998551573
mexF	multidrug	gi:655279967:ref:WP_028689378.1:	mexF	9	177.68247960867637	121.3371352302372	7.852952370089026e-05
mexF	multidrug	gi:685983085:ref:WP_031690281.1:	mexF	18	354.3620477614242	241.98939481477225	0.00015661579515135218
mexF	multidrug	gi:757686578:ref:WP_042917070.1:	mexF	57	1122.1464845778432	766.2997502467787	0.0004959500179792819
mexF	multidrug	gi:764136713:ref:WP_044320637.1:	mexF	1	19.668277818003023	13.431220065168278	8.692699991953183e-06
mexF	multidrug	gi:764528042:ref:WP_044407471.1:	mexF	5	98.43390215595116	67.21927633743674	4.350438754204227e-05
mexF	multidrug	gi:769989475:ref:WP_045105425.1:	mexF	25	489.40710005508	334.2099660743463	0.00021630104750790894
mexF	multidrug	gi:780147796:ref:WP_045491627.1:	mexF	28	550.7117789040847	376.0741618247118	0.0002433955997746891
mexF	multidrug	gi:803453816:ref:WP_046068030.1:	mexF	17	335.62246148305536	229.19236654600365	0.00014833354476834827
mexF	multidrug	gi:852275723:ref:WP_048329135.1:	mexF	28	554.3588767776216	378.56471918778936	0.0002450074911639255
mexF	multidrug	gi:929544294:ref:WP_054083186.1:	mexF	1	19.668277818003023	13.431220065168278	8.692699991953183e-06
mexF	multidrug	gi:940169821:gb:KPX83830.1:	mexF	6	118.45498640578425	80.8914234868248	5.235301580059351e-05
mexF	multidrug	gi:940417834:ref:WP_055007142.1:	mexF	2	39.33655563600605	26.862440130336555	1.7385399983906365e-05
mexF	multidrug	gi:950517283:ref:WP_057401815.1:	mexF	7	137.67794472602117	94.01854045617794	6.0848899943672275e-05
mexF	multidrug	gi:950546578:ref:WP_057422848.1:	mexF	1	19.668277818003023	13.431220065168278	8.692699991953183e-06
mexF	multidrug	gi:950562188:ref:WP_057431811.1:	mexF	24	474.26736766810694	323.8712328462107	0.00020960980830454814
mexF	multidrug	gi:966396486:ref:WP_058441292.1:	mexF	28	550.7117789040847	376.0741618247118	0.0002433955997746891
mexF	multidrug	gi:966403553:ref:WP_058447148.1:	mexF	18	355.70052575108025	242.90342463465802	0.0001572073562284111
mexF	multidrug	gi:966407319:ref:WP_058450725.1:	mexF	28	551.2298520733266	376.42794748964565	0.00024362457023543673
mexF	multidrug	gi:966432980:ref:WP_058473413.1:	mexF	4	78.15890793036496	53.37373725243342	3.4543539837304156e-05
mexF	multidrug	gi:966439914:ref:WP_058480237.1:	mexF	10	198.36064074270348	135.45799193686304	8.766855726481693e-05
mexF	multidrug	gi:966461601:ref:WP_058493954.1:	mexF	11	218.19670481697383	149.00379113054933	9.643541299129862e-05
mexF	multidrug	gi:966476691:ref:WP_058507424.1:	mexF	15	295.0241672700454	201.46830097752422	0.00013039049987929774
mexF	multidrug	gi:966506160:ref:WP_058522806.1:	mexF	17	333.420627152801	227.688761517117	0.00014736040998542565
mexF	multidrug	gi:966510466:ref:WP_058527057.1:	mexF	17	336.5750323292703	229.84286522115787	0.00014875454820666904
mexF	multidrug	gi:966511896:ref:WP_058528450.1:	mexF	44	867.0339871258283	592.0866276562319	0.0003831990987036537
mexF	multidrug	gi:966514950:ref:WP_058531469.1:	mexF	13	257.6246389949033	175.92863252027237	0.00011386119913702314
mexI	multidrug	NC_002516.2.880346.p01	mexI	51	1036.1936189476855	707.6036171031957	0.0004579618178284928
mexN	multidrug	BAE06006.1	mexN	34	686.1327081427941	468.5514147324279	0.0003032469767684651
mexQ	multidrug	BAE06008.1	mexQ	32	635.3562838210313	433.876831858491	0.00028080554964518214
mexT	multidrug	NC_011595.7059912.p01	mexT	66	4185.409519671043	2858.16362986781	0.0018498065582876373
mexT	multidrug	gi:489180348:ref:WP_003089829.1:	mexT	6	411.67962488567645	281.1308488394567	0.0001819481860610791
mexT	multidrug	gi:490841007:ref:WP_004703082.1:	mexT	3	190.2458872577747	129.91652863035497	8.408211628580169e-05
mexW	multidrug	AAG07763	mexW	3	61.610542487797495	42.07306619039956	2.722973343897405e-05
mexW	multidrug	CAY51926	mexW	4	82.9615365643418	56.65339206873755	3.6666135942272295e-05
mexW	multidrug	YP_001186705	mexW	50	1027.851060822948	701.9065888673404	0.0004542746950608147
mexW	multidrug	YP_001266290	mexW	19	391.73783681650156	267.51285205659303	0.00017313460397766064
mexW	multidrug	YP_001350280	mexW	13	266.9790174471225	182.3166201583981	0.00011799551156888755
mexW	multidrug	YP_001670703	mexW	13	268.0311515060274	183.03510930187946	0.00011846051851103096
mexW	multidrug	YP_350221	mexW	28	580.155775003907	396.18109720939935	0.0002564088298616527
mexW	multidrug	YP_606823	mexW	8	165.43120631110844	112.97089446117826	7.311488372678408e-05
mexW	multidrug	YP_792720	mexW	68	1396.50562972341	953.65616698239	0.0006172072912834118
mexX	multidrug	gi:640684048:ref:WP_025108493.1:	mexX	1	55.071177890408464	37.60741618247118	2.4339559977468914e-05
mexX	multidrug	gi:740423377:ref:WP_038256086.1:	mexX	2	110.14235578081693	75.21483236494235	4.867911995493783e-05
mexX	multidrug	gi:754744113:ref:WP_042109760.1:	mexX	2	108.43029843707367	74.04568989294845	4.7922449696570915e-05
mexY	multidrug	BAA34300	mexY	5	99.93814516884059	68.24650501117024	4.416921103838676e-05
mexY	multidrug	YP_001348630	mexY	60	1200.404259943894	819.7410028301558	0.0005305372538109859
mexY	multidrug	YP_791221	mexY	2	40.013475331463134	27.324700094338525	1.768457512703286e-05
mfpA	fluoroquinolone	gi:505116742:ref:WP_015303844.1:	mfpA	1	113.73395433888706	77.66748994206004	5.026648256216406e-05
mphA	MLS	AAB03644	mphA	7	477.1639517540278	325.8492737634311	0.0002108899985018479
mphA	MLS	AAG14406	mphA	22	1524.4869111384596	1041.052977766421	0.0006737706007007951
mphA	MLS	gi:749030947:ref:WP_040078663.1:	mphA	12	831.5383151664325	567.847078781684	0.0003675112367458882
mphD	MLS	ANP63073.1	mphD	137	9718.662782964966	6636.752835455762	0.004295313533650954
mphG	MLS	BAL43359.1	mphG	6	425.63486640722476	290.66070812215014	0.00018811592118179362
msbA	nitroimidazole	NP_415434.1	msbA	149	5348.422113473289	3652.370333192999	0.00236381798614801
msrE	MLS	YP_724476.1	msrE	238	10123.246602456386	6913.038047851003	0.0044741256186225375
mtrA	multidrug	CCP46065.1	mtrA	812	74204.20371119841	50673.11937669567	0.03279569705959741
mtrC	multidrug	NP_274719.1	mtrC	1	50.670817429431516	34.60246525263692	2.2394752521642096e-05
mtrD	multidrug	NP_274718.1	mtrD	85	1665.5421777717168	1137.3778489642502	0.0007361121603672714
multidrug_ABC_transporter	multidrug	AF170880.4.gene1.p01	multidrug_ABC_transporter	3	101.91743960237932	69.59814033769018	4.5043990867393766e-05
multidrug_ABC_transporter	multidrug	NC_010400.5984909.p01	multidrug_ABC_transporter	169	3336.482117096257	2278.4417615455654	0.0014746099450500506
multidrug_ABC_transporter	multidrug	gi:1011069317:ref:WP_062010695.1:	multidrug_ABC_transporter	1	34.02771967212231	23.23710268185211	1.5039077709655587e-05
multidrug_ABC_transporter	multidrug	gi:1031799645:ref:WP_064138838.1:	multidrug_ABC_transporter	7	253.0040296865052	172.7732764168797	0.0001118190492919988
multidrug_ABC_transporter	multidrug	gi:1033217078:gb:OAR27197.1:	multidrug_ABC_transporter	4	139.05015015518418	94.9556023211897	6.145536738497134e-05
multidrug_ABC_transporter	multidrug	gi:446519889:ref:WP_000597235.1:	multidrug_ABC_transporter	13	469.8646265606526	320.8646562027766	0.00020766394868514064
multidrug_ABC_transporter	multidrug	gi:446519894:ref:WP_000597240.1:	multidrug_ABC_transporter	1	36.14343281235789	24.681896630982813	1.597414989885697e-05
multidrug_ABC_transporter	multidrug	gi:493394434:ref:WP_006350564.1:	multidrug_ABC_transporter	4	138.81955289124522	94.79813034387429	6.135345135282379e-05
multidrug_ABC_transporter	multidrug	gi:516795764:ref:WP_018105258.1:	multidrug_ABC_transporter	1	34.762537538796046	23.738900580297425	1.5363841846242834e-05
multidrug_ABC_transporter	multidrug	gi:558888514:ref:WP_023543283.1:	multidrug_ABC_transporter	1	33.97247986745977	23.19938011256339	1.5014663622464588e-05
multidrug_ABC_transporter	multidrug	gi:662754041:ref:WP_030125200.1:	multidrug_ABC_transporter	7	243.3377627715723	166.17230406208196	0.00010754689292369984
multidrug_ABC_transporter	multidrug	gi:663330365:ref:WP_030329892.1:	multidrug_ABC_transporter	5	172.09743090752644	117.52317557022245	7.606112492959034e-05
multidrug_ABC_transporter	multidrug	gi:664042835:ref:WP_030582300.1:	multidrug_ABC_transporter	2	69.18032263919079	47.24237404740182	3.0575315013018794e-05
multidrug_ABC_transporter	multidrug	gi:664180077:ref:WP_030714054.1:	multidrug_ABC_transporter	4	138.13232738188262	94.32883266890461	6.104972139563159e-05
multidrug_ABC_transporter	multidrug	gi:664317010:ref:WP_030845774.1:	multidrug_ABC_transporter	2	69.06616369094131	47.164416334452305	3.0524860697815795e-05
multidrug_ABC_transporter	multidrug	gi:664395661:ref:WP_030922045.1:	multidrug_ABC_transporter	4	139.05015015518418	94.9556023211897	6.145536738497134e-05
multidrug_ABC_transporter	multidrug	gi:664458452:ref:WP_030980047.1:	multidrug_ABC_transporter	1	34.762537538796046	23.738900580297425	1.5363841846242834e-05
multidrug_ABC_transporter	multidrug	gi:664579989:ref:WP_031094015.1:	multidrug_ABC_transporter	1	34.762537538796046	23.738900580297425	1.5363841846242834e-05
multidrug_ABC_transporter	multidrug	gi:686364868:ref:WP_031893738.1:	multidrug_ABC_transporter	1	36.14343281235789	24.681896630982813	1.597414989885697e-05
multidrug_ABC_transporter	multidrug	gi:702897513:ref:WP_033300957.1:	multidrug_ABC_transporter	3	104.28761261638813	71.21670174089226	4.6091525538728505e-05
multidrug_ABC_transporter	multidrug	gi:748767925:ref:WP_040019608.1:	multidrug_ABC_transporter	6	201.2216115226463	137.41171297441392	8.893300760998256e-05
multidrug_ABC_transporter	multidrug	gi:772774655:ref:WP_045322518.1:	multidrug_ABC_transporter	3	101.09684830123294	69.03776883738671	4.468131783303472e-05
multidrug_ABC_transporter	multidrug	gi:817122037:ref:WP_046494699.1:	multidrug_ABC_transporter	1	34.08313941100199	23.274948125959362	1.5063571321560564e-05
multidrug_ABC_transporter	multidrug	gi:860594225:ref:WP_048475168.1:	multidrug_ABC_transporter	2	67.39789886748862	46.02517922492447	2.9787545222023147e-05
multidrug_ABC_transporter	multidrug	gi:921231571:ref:WP_053176464.1:	multidrug_ABC_transporter	2	67.39789886748862	46.02517922492447	2.9787545222023147e-05
multidrug_ABC_transporter	multidrug	gi:943896259:ref:WP_055534530.1:	multidrug_ABC_transporter	1	34.762537538796046	23.738900580297425	1.5363841846242834e-05
multidrug_ABC_transporter	multidrug	gi:943909899:ref:WP_055545300.1:	multidrug_ABC_transporter	4	139.05015015518418	94.9556023211897	6.145536738497134e-05
multidrug_ABC_transporter	multidrug	gi:944009777:ref:WP_055601444.1:	multidrug_ABC_transporter	2	66.54069188666207	45.439803336531156	2.940868932094813e-05
multidrug_ABC_transporter	multidrug	gi:944470764:ref:WP_055701183.1:	multidrug_ABC_transporter	1	34.762537538796046	23.738900580297425	1.5363841846242834e-05
multidrug_ABC_transporter	multidrug	gi:985844137:ref:WP_060895163.1:	multidrug_ABC_transporter	6	209.2704759835522	142.9081814933905	9.249032791438188e-05
norB	fluoroquinolone	gi:504744674:ref:WP_014931776.1:	norB	1	44.81166509283773	30.60132366025492	1.9805209403507895e-05
oleC	MLS	AAA26793	oleC	4	256.7735901638677	175.34746195508035	0.00011348506492562193
oleD	MLS	DQ195536.2.orf0.gene.p01	oleD	1	50.305402880661575	34.35292824360348	2.223325190249564e-05
omp36	multidrug	AF336095.1.gene1.p01	omp36	1	55.65704148498728	38.007495078029386	2.4598491466590922e-05
omp36	multidrug	AF336096.1.gene1.p01	omp36	1	55.50941007521278	37.90667944121764	2.4533243478615877e-05
ompF	multidrug	CP000647.1.gene956.p01	ompF	1	67.72507313383565	46.24860242504547	2.9932144956110633e-05
ompF	multidrug	gi:447175130:ref:WP_001252386.1:	ompF	2	67.2895421168978	45.95118375993263	2.973965527793629e-05
ompF	multidrug	gi:496081365:ref:WP_008805872.1:	ompF	2	116.26137554641788	79.39343416299471	5.1383515507989926e-05
ompR	multidrug	CP000034.1.gene3672.p01	ompR	7	324.8100514157129	221.80870741767924	0.00014355483268307606
ompR	multidrug	NC_008702.1.4607594.p01	ompR	79	6534.532649288783	4462.350331216541	0.0028880379072079715
ompR	multidrug	gi:358234663:dbj:GAB02427.1:	ompR	1	91.3844873290621	62.405319429428154	4.038878948226283e-05
ompR	multidrug	gi:479873665:gb:ENU25063.1:	ompR	1	91.3844873290621	62.405319429428154	4.038878948226283e-05
ompR	multidrug	gi:489751171:ref:WP_003655179.1:	ompR	2	182.7689746581242	124.81063885885631	8.077757896452566e-05
ompR	multidrug	gi:491322039:ref:WP_005180005.1:	ompR	8	731.0758986324968	499.24255543542523	0.00032311031585810263
ompR	multidrug	gi:495580926:ref:WP_008305505.1:	ompR	1	91.3844873290621	62.405319429428154	4.038878948226283e-05
ompR	multidrug	gi:514966815:ref:WP_016655114.1:	ompR	1	90.98716347110964	62.13399195364804	4.021318604973125e-05
ompR	multidrug	gi:909830386:gb:AKU13184.1:	ompR	115	9400.822163323634	6419.703465523402	0.0041548389492788735
opcM	multidrug	ZP_03583211	opcM	3	121.43354505815408	82.92544380660958	5.3669435927107465e-05
oprA	multidrug	YP_001058926	oprA	11	445.25633187989826	304.0599606242351	0.00019678793173272737
oprC	multidrug	ZP_03790349	oprC	1	13.270163347086378	9.06202799577619	5.864954211438292e-06
oprJ	multidrug	gi:553768013:ref:WP_023100243.1:	oprJ	1	43.59801582990671	29.77253781112302	1.9268818315496222e-05
oprM	multidrug	NC_008702.1.4606278.p01	oprM	8	357.72730937359347	244.28748973229145	0.00015810312463996901
oprM	multidrug	NC_008702.1.4607681.p01	oprM	6	267.15379912793895	182.43597637454104	0.00011807275903963643
oprM	multidrug	NC_008702.1.4608931.p01	oprM	14	618.0984522720951	422.09167529693394	0.0002731781837133642
oprM	multidrug	NC_011595.7058890.p01	oprM	17	758.5496997271614	518.0040693790274	0.00033525278774935855
oprM	multidrug	YP_002083353	oprM	6	258.3586123253731	176.4298536955438	0.0001141855900177554
oqxA	multidrug	YP_001693237.1	oqxA	1	53.38532550600821	36.4561687483139	2.3594471406730066e-05
oqxB	multidrug	YP_001693238	oqxB	572	11389.411252387426	7777.685995644088	0.005033726695245141
otrA	tetracycline	CAA37477	otrA	2	63.033275898660285	43.04463297993689	2.7858532504331886e-05
patA	fluoroquinolone	NP_417544.5	patA	4	181.97432694221928	124.26798390729608	8.04263720994625e-05
penA	beta-lactam	AAP46604	penA	1	35.89545042599523	24.51255257176509	1.5864550242604094e-05
penA	beta-lactam	CAD70592	penA	1	35.957126457655015	24.554670359689087	1.5891808919996885e-05
penA	beta-lactam	P74872	penA	1	33.53693525377439	22.90195216240232	1.4822167934997095e-05
penA	beta-lactam	U58210.1.gene4.p01	penA	1	29.68375545865988	20.27066404161567	1.311919544884849e-05
pmrA	multidrug	CP000675.2.gene499.p01	pmrA	1	60.482796527038204	41.30294262814754	2.6731308645775105e-05
pmrA	multidrug	gi:395129523:emb:CCD07754.1:	pmrA	5	305.95098828004706	208.93008990261768	0.00013521977765260505
porin_OmpC	beta-lactam	APB87301	porin_OmpC	1	56.86697716944353	38.83374497103002	2.513324128108203e-05
qacH	fluoroquinolone	AAZ42322.1	qacH	67	12631.641343151347	8625.98933338483	0.005582749522759986
qepA	fluoroquinolone	NC_010558.1.6275948.p01	qepA	5	204.3656992026877	139.55877098963916	9.032258585388855e-05
qepA	fluoroquinolone	gi:1039004533:ref:WP_064760451.1:	qepA	10	408.7313984053754	279.1175419792783	0.0001806451717077771
qepA	fluoroquinolone	gi:1039291348:ref:WP_064768701.1:	qepA	2	81.74627968107507	55.82350839585566	3.6129034341555416e-05
qnrS	fluoroquinolone	gi:504871158:ref:WP_015058260.1:	qnrS	2	191.11458993931706	130.50975478848446	8.446605288984645e-05
ramA	multidrug	AFK13828.1	ramA	2	334.83276157368346	228.6530903894248	0.000147984524663011
rifampin_monooxygenase	rifamycin	gi:495001339:ref:WP_007727353.1:	rifampin_monooxygenase	1	43.689034652098584	29.834693422419726	1.9309045493607905e-05
rifampin_monooxygenase	rifamycin	gi:518577471:ref:WP_019747678.1:	rifampin_monooxygenase	9	393.2013118688872	268.5122408017776	0.00017378140944247116
rifampin_monooxygenase	rifamycin	gi:527106108:ref:WP_020907004.1:	rifampin_monooxygenase	2	87.92877142166057	60.045454408987595	3.8861482316967174e-05
rifampin_monooxygenase	rifamycin	gi:544923113:ref:WP_021332509.1:	rifampin_monooxygenase	7	305.8232425646901	208.8428539569381	0.00013516331845525535
rifampin_monooxygenase	rifamycin	gi:663760960:ref:WP_030535072.1:	rifampin_monooxygenase	1	43.689034652098584	29.834693422419726	1.9309045493607905e-05
rifampin_monooxygenase	rifamycin	gi:702654850:ref:WP_033232517.1:	rifampin_monooxygenase	3	129.71310494848277	88.5794513388784	5.732871564941025e-05
rifampin_monooxygenase	rifamycin	gi:755098695:ref:WP_042449655.1:	rifampin_monooxygenase	7	305.8232425646901	208.8428539569381	0.00013516331845525535
rosA	fosmidomycin	AAC60781	rosA	6	305.504344501536	208.6250824721029	0.00013502237651734578
rosA	fosmidomycin	YP_001401993	rosA	27	1395.1365065570146	952.7212099559367	0.0006166021860958791
rosA	fosmidomycin	YP_001477378	rosA	20	1028.356147339323	702.2515061100269	0.00045449792586919836
rosA	fosmidomycin	YP_001605796	rosA	2	103.34344493014922	70.57194147821752	4.567423600710216e-05
rosA	fosmidomycin	YP_001871501	rosA	1	51.67172246507461	35.28597073910876	2.283711800355108e-05
rosA	fosmidomycin	ZP_04612558	rosA	10	516.7172246507462	352.8597073910876	0.0002283711800355108
rosA	fosmidomycin	ZP_04621517	rosA	7	361.7020572555223	247.0017951737613	0.00015985982602485755
rosA	fosmidomycin	ZP_04623896	rosA	37	2032.2854623074622	1387.8222349751834	0.000898200034864076
rosA	fosmidomycin	ZP_04631862	rosA	2	103.34344493014922	70.57194147821752	4.567423600710216e-05
rosA	fosmidomycin	ZP_04638972	rosA	1	51.67172246507461	35.28597073910876	2.283711800355108e-05
rosB	fosmidomycin	AAC60780	rosB	17	630.7798034965226	430.7516108843331	0.00027878290328803046
rosB	fosmidomycin	AAS61092	rosB	28	1038.9314410530958	709.4732414565485	0.0004591718407096972
rosB	fosmidomycin	YP_001007250	rosB	5	185.52347161662428	126.69165026009794	8.199497155530307e-05
rosB	fosmidomycin	YP_001477377	rosB	55	2040.758187782867	1393.6081528610773	0.0009019446871083338
rosB	fosmidomycin	ZP_04612557	rosB	70	2692.818624788355	1838.8920412752454	0.0011901328959571197
rosB	fosmidomycin	ZP_04631861	rosB	3	115.40651249092952	78.80965891179622	5.100569554101941e-05
rosB	fosmidomycin	ZP_04635128	rosB	5	192.34418748488253	131.34943151966038	8.500949256836568e-05
rosB	fosmidomycin	ZP_04638974	rosB	6	222.62816593994913	152.02998031211754	9.839396586636369e-05
rosB	fosmidomycin	gi:1001786599:ref:WP_061324791.1:	rosB	25	927.6173580831214	633.4582513004898	0.00040997485777651536
rosB	fosmidomycin	gi:544012122:gb:ERK10884.1:	rosB	18	694.9942006833835	474.6028167677175	0.00030716345063816855
rosB	fosmidomycin	gi:740410309:ref:WP_038243756.1:	rosB	7	259.73286026327395	177.36831036413713	0.0001147929601774243
rosB	fosmidomycin	gi:896190680:ref:WP_049199932.1:	rosB	1	37.10469432332485	25.33833005201959	1.6398994311060616e-05
rphA	rifamycin	AIA08936.1	rphA	26	628.2947315903414	429.05458646976365	0.00027768458727181624
rphB	rifamycin	APB03222.1	rphB	59	1395.1365065570146	952.7212099559367	0.0006166021860958791
rpoB2	multidrug	BAD59497.1	rpoB2	6495	116871.17295900012	79809.85716247388	0.051653024918650925
sdeY	multidrug	BAC77251	sdeY	1	19.892630796915604	13.584427898611263	8.791856265625652e-06
sdiA	unclassified	gi:560398734:ref:WP_023622078.1:	sdiA	1	86.83422239981418	59.2980006196641	3.8377729425054715e-05
sdiA	unclassified	gi:636833889:ref:WP_024359890.1:	sdiA	1	86.83422239981418	59.2980006196641	3.8377729425054715e-05
smeB	multidrug	AAD51345	smeB	14	279.02730131140294	190.54424199118733	0.00012332043721917583
smeB	multidrug	YP_002030219	smeB	9	179.37469370018758	122.4927269943347	7.927742392661303e-05
smeB	multidrug	gi:924026131:emb:CRX68731.1:	smeB	6	119.58312913345839	81.66181799622314	5.2851615951075354e-05
smeC	multidrug	AAD51346	smeC	1	44.336965250752584	30.27715709605731	1.9595408456436837e-05
smeD	multidrug	CAC14594	smeD	1	52.97986733760815	36.17928645402291	2.341527288971693e-05
smeD	multidrug	CAG34264	smeD	1	52.97986733760815	36.17928645402291	2.341527288971693e-05
smeD	multidrug	YP_002029850	smeD	5	265.57167002988854	181.3555602708001	0.00011737351258170287
smeD	multidrug	YP_002706076	smeD	3	158.93960201282445	108.53785936206873	7.024581866915078e-05
smeE	multidrug	CAC14595	smeE	73	1467.5066999807214	1002.1419067259852	0.0006485873139048873
smeE	multidrug	CAG34257	smeE	1	20.102831506585222	13.727971325013495	8.884757724724482e-06
smeE	multidrug	YP_002706077	smeE	2	40.205663013170444	27.45594265002699	1.7769515449448964e-05
smeF	multidrug	CAC14596	smeF	10	448.1166509283773	306.0132366025492	0.00019805209403507893
smeR	multidrug	AAD51348.1	smeR	37	3366.5250484310563	2298.9577022849776	0.001487887883840056
sul1	sulfonamide	ABG36700	sul1	3	193.7689592440298	132.32239027165787	8.563919251331654e-05
sul1	sulfonamide	AY339985.2.gene4.p01	sul1	42	2712.765429416417	1852.51346380321	0.0011989486951864315
sul1	sulfonamide	NC_010558.1.6276115.p01	sul1	10	677.2507313383567	462.48602425045465	0.0002993214495611064
sul1	sulfonamide	gi:1028098618:ref:WP_063855115.1:	sul1	1	74.7394557084115	51.03863624763946	3.30322599694221e-05
sul1	sulfonamide	gi:321276068:gb:ADW81558.1:	sul1	11	733.1131324264566	500.6337568239794	0.0003240107028847772
sul1	sulfonamide	gi:394786240:gb:AFN40206.1:	sul1	2	135.4501462676713	92.49720485009094	5.9864289912221266e-05
sul1	sulfonamide	gi:691009446:ref:WP_031973547.1:	sul1	1	74.7394557084115	51.03863624763946	3.30322599694221e-05
sul1	sulfonamide	gi:695268617:ref:WP_032490794.1:	sul1	160	11958.312913345839	8166.1817996223135	0.005285161595107535
sul1	sulfonamide	gi:746042187:ref:WP_039113376.1:	sul1	86	6427.593190923388	4389.322717296994	0.0028407743573703
sul1	sulfonamide	gi:808041102:ref:WP_046203752.1:	sul1	12	884.2414478178262	603.8373865917908	0.00039080420245513466
sul2	sulfonamide	gi:322506435:gb:ADX01889.1:	sul2	14	1013.7670116850278	692.2887684800922	0.0004480500314191509
sul2	sulfonamide	gi:487670925:ref:WP_001756235.1:	sul2	115	8847.832624304596	6042.073849904378	0.003910436658144821
sul2	sulfonamide	gi:499192666:ref:WP_010890206.1:	sul2	10	769.3767499395301	525.3977260786415	0.0003400379702734627
sul2	sulfonamide	gi:499290101:ref:WP_010981367.1:	sul2	1	73.68678731815217	50.31978221598257	3.256701687126122e-05
sul2	sulfonamide	gi:505244441:ref:WP_015431543.1:	sul2	1	61.011800578295095	41.66419285521589	2.6965110179120076e-05
sul4	sulfonamide	WP_102607457.1	sul4	7	508.64351801557814	347.3462744631019	0.00022480288034745592
tap	tetracycline	CAA03986.1	tap	912	46549.92051146331	31788.35646877369	0.020573458306808845
tet32	tetracycline	ABV82118	tet32	1	32.698511872430025	22.329403358342265	1.4451613736622167e-05
tet35	tetracycline	AF353562.gene.p01	tet35	1	56.559588103662755	38.623832836051484	2.499738592280591e-05
tet39	tetracycline	AY743590.gene.p01	tet39	17	898.3833564950472	613.4947185322319	0.0003970544380162858
tet43	tetracycline	GQ244501.1.gene1.p01	tet43	4	160.97728921811708	109.92937037953115	7.114640608798605e-05
tet44	tetracycline	FN594949.1.gene24.p01	tet44	1	32.64750015344028	22.294568095692743	1.4429068317376267e-05
tetA	tetracycline	NP_387454	tetA	1	52.712966242708355	35.99702304619408	2.329731181722465e-05
tetA	tetracycline	YP_001687825	tetA	4	210.85186497083342	143.98809218477632	9.31892472688986e-05
tetA	tetracycline	ZP_02863325	tetA	2	102.33275109220155	69.88175134151125	4.5227544212411666e-05
tetA	tetracycline	gi:1004696287:gb:AMP47315.1:	tetA	18	948.8333923687504	647.9464148314934	0.0004193516127100437
tetA	tetracycline	gi:497559179:ref:WP_009873363.1:	tetA	1	52.712966242708355	35.99702304619408	2.329731181722465e-05
tetA	tetracycline	gi:835943791:ref:WP_047706567.1:	tetA	1	52.712966242708355	35.99702304619408	2.329731181722465e-05
tetA	tetracycline	gi:852042875:ref:WP_048267274.1:	tetA	22	1198.9454353224344	818.7447898058831	0.0005298925036761462
tetA	tetracycline	gi:915870017:ref:WP_050918514.1:	tetA	6	313.90571397532824	214.36227224008573	0.00013873549187157282
tetA	tetracycline	gi:950829279:ref:WP_057523151.1:	tetA	5	250.92383211457096	171.35273560358573	0.00011089967375825163
tetA(48)	tetracycline	APB03214.1	tetA(48)	24	1460.0265766294337	997.0338243724918	0.000645281357542199
tetB(48)	tetracycline	APB03215.1	tetB(48)	3	230.81302498185903	157.61931782359244	0.00010201139108203882
tetC	tetracycline	AAR96043	tetC	1	52.712966242708355	35.99702304619408	2.329731181722465e-05
tetE	tetracycline	CAC81916	tetE	4	206.1778088507903	140.79623792452264	9.112347577771612e-05
tetE	tetracycline	gi:504109716:ref:WP_014343702.1:	tetE	3	154.63335663809275	105.59717844339198	6.834260683328709e-05
tetG	tetracycline	AF133139.gene.p01	tetG	8	427.08260404806566	291.6493499865112	0.00018875577125384053
tetG	tetracycline	AF133140.gene.p01	tetG	10	533.8532550600821	364.56168748313905	0.0002359447140673007
tetG	tetracycline	AY232670.1.gene2.p01	tetG	13	880.4259507398635	601.2318315255911	0.0003891178844294383
tetG	tetracycline	BAC67151	tetG	32	1708.3304161922626	1166.5973999460448	0.0007550230850153621
tetM	tetracycline	AAY63943	tetM	1	32.698511872430025	22.329403358342265	1.4451613736622167e-05
tetM	tetracycline	ABB70047	tetM	1	32.698511872430025	22.329403358342265	1.4451613736622167e-05
tetM	tetracycline	ACF08831	tetM	2	65.39702374486005	44.65880671668453	2.8903227473244333e-05
tetM	tetracycline	BAB82500	tetM	1	32.698511872430025	22.329403358342265	1.4451613736622167e-05
tetM	tetracycline	Q54807	tetM	1	32.698511872430025	22.329403358342265	1.4451613736622167e-05
tetM	tetracycline	ZP_03984378	tetM	2	64.89007007241928	44.31261441655519	2.8679171446319955e-05
tetO	tetracycline	P10952	tetO	4	130.7940474897201	89.31761343336906	5.7806454946488666e-05
tetO	tetracycline	ZP_04668102	tetO	1	32.698511872430025	22.329403358342265	1.4451613736622167e-05
tetO	tetracycline	gi:226044:prf::1408188A	tetO	1	32.698511872430025	22.329403358342265	1.4451613736622167e-05
tetO	tetracycline	gi:254621972:gb:ACT76128.1:	tetO	1	32.698511872430025	22.329403358342265	1.4451613736622167e-05
tetO	tetracycline	gi:544707441:ref:WP_021137831.1:	tetO	1	32.698511872430025	22.329403358342265	1.4451613736622167e-05
tetP	tetracycline	BAB71966	tetP	3	149.12385462010846	101.83480866512386	6.590759708863317e-05
tetP	tetracycline	YP_002850805	tetP	1	32.047546092427595	21.88486699745643	1.416390932838926e-05
tetP	tetracycline	ZP_02632674	tetP	3	94.97903599858647	64.85999160063108	4.19774559369358e-05
tetQ	tetracycline	AAZ79478	tetQ	1	31.804023705707024	21.718568616016793	1.4056280838051957e-05
tetQ	tetracycline	BAD46890	tetQ	1	31.804023705707024	21.718568616016793	1.4056280838051957e-05
tetQ	tetracycline	Q52360	tetQ	6	195.57988409677773	133.559048124664	8.643955879848772e-05
tetS	tetracycline	ACA42497	tetS	2	64.68948252969156	44.17563570120262	2.8590518675233963e-05
tetV	tetracycline	AF030344.gene.p01	tetV	74	3687.146481614967	2517.906054883547	0.0016295914918248234
tetV	tetracycline	gi:602520538:emb:CDO32455.1:	tetV	70	3430.66354071397	2342.7570736621396	0.0015162348838423257
tetV	tetracycline	gi:602542163:emb:CDO24964.1:	tetV	119	6059.169499280465	4137.730802363374	0.002677943800927358
tetV	tetracycline	gi:740779740:ref:WP_038565024.1:	tetV	5	243.90498366381374	166.5596520901987	0.00010779758498179705
tetV	tetracycline	gi:808667354:emb:CQD17781.1:	tetV	22	1078.2085413672478	736.2950802938153	0.0004765309634933024
tetV	tetracycline	gi:906298254:emb:CRZ18264.1:	tetV	160	7786.808408690314	5317.513729986623	0.003441500573558395
tetW	tetracycline	AJ222769.gene.p01	tetW	1	32.698511872430025	22.329403358342265	1.4451613736622167e-05
tetW	tetracycline	ZP_04576183	tetW	6	196.1910712345802	133.97642015005357	8.6709682419733e-05
tetW	tetracycline	gi:104303742:gb:ABF72138.1:	tetW	3	98.0955356172901	66.98821007502679	4.33548412098665e-05
tetW	tetracycline	gi:168258996:gb:ACA23181.1:	tetW	4	130.7940474897201	89.31761343336906	5.7806454946488666e-05
tetX	tetracycline	CAC47932	tetX	10	537.9703752790545	367.3732172066594	0.0002377643391115215
tetX	tetracycline	gi:1039805178:ref:WP_064971494.1:	tetX	28	1506.3170507813525	1028.6450081786463	0.0006657401495122603
tetX	tetracycline	gi:754504367:ref:WP_041915031.1:	tetX	1	55.21648442837789	37.70664419350672	2.4403780452343502e-05
tetZ	tetracycline	AF121000.gene.p01	tetZ	1	54.35596778793563	37.119008180101424	2.4023461795943343e-05
transcriptional_regulatory_protein_CpxR_cpxR	unclassified	CP000647.1.gene4257.p01	transcriptional_regulatory_protein_CpxR_cpxR	5	449.0782746428158	306.66991736779073	0.00019847709852871645
transcriptional_regulatory_protein_CpxR_cpxR	unclassified	CP000675.2.gene1535.p01	transcriptional_regulatory_protein_CpxR_cpxR	57	5254.809308838094	3588.4433238428446	0.002322444357321483
transcriptional_regulatory_protein_CpxR_cpxR	unclassified	CP001138.1.gene4273.p01	transcriptional_regulatory_protein_CpxR_cpxR	2	179.63130985712635	122.6679669471163	7.939083941148658e-05
transcriptional_regulatory_protein_CpxR_cpxR	unclassified	CP001485.1.gene721.p01	transcriptional_regulatory_protein_CpxR_cpxR	32	2924.303594529987	1996.970221741701	0.0012924412634324105
transcriptional_regulatory_protein_CpxR_cpxR	unclassified	CP001918.1.gene5135.p01	transcriptional_regulatory_protein_CpxR_cpxR	1	99.18032037135174	67.72899596843152	4.383427863240847e-05
transcriptional_regulatory_protein_CpxR_cpxR	unclassified	CP004022.1.gene3215.p01	transcriptional_regulatory_protein_CpxR_cpxR	2	179.63130985712635	122.6679669471163	7.939083941148658e-05
ugd	peptide	AAC75089.1	ugd	78	4196.1689271766245	2865.511094211943	0.0018545618450698676
vanA	glycopeptide	KF478993.1.gene3.p01	vanA	3	180.925483559267	123.55174192512145	7.996281952252034e-05
vanA	glycopeptide	gi:647240560:ref:WP_025691785.1:	vanA	1	60.834440692893075	41.54307601552049	2.688672323092496e-05
vanA	glycopeptide	gi:748291566:ref:WP_039833224.1:	vanA	1	60.834440692893075	41.54307601552049	2.688672323092496e-05
vanA	glycopeptide	gi:749574464:ref:WP_040203371.1:	vanA	1	60.834440692893075	41.54307601552049	2.688672323092496e-05
vanE	glycopeptide	AF155139.2.gene7.p01	vanE	2	121.66888138578615	83.08615203104098	5.377344646184992e-05
vanH	glycopeptide	DQ018711.1.gene4.p01	vanH	1	64.78962104753937	44.24401903820139	2.863477644408107e-05
vanH	glycopeptide	KF478993.1.gene2.p01	vanH	1	59.62121822893225	40.71458162204858	2.6350520773328168e-05
vanI	glycopeptide	KTE89608.1	vanI	2	119.9257742026087	81.89580601340428	5.300305324606411e-05
vanR	glycopeptide	KF478993.1.gene8.p01	vanR	5	447.15913671699184	305.3593621653643	0.00019762890579996125
vanR	glycopeptide	gi:406772674:gb:AFS59920.1:	vanR	12	1082.433496466649	739.1802491037439	0.00047839824783300964
vanR	glycopeptide	gi:530818241:gb:EQC77429.1:	vanR	1	90.20279137222077	61.598354091978656	3.9866520652750806e-05
vanR	glycopeptide	gi:747653988:emb:CEL19270.1:	vanR	32	2861.8184749887478	1954.2999178583316	0.0012648249971197521
vanR	glycopeptide	gi:938897327:ref:WP_054681472.1:	vanR	1	90.59327964655938	61.86501363350237	4.0039102993238904e-05
vanR	glycopeptide	gi:943641831:ref:WP_055470667.1:	vanR	11	992.2307050944286	677.5818950117654	0.0004385317271802589
vanR	glycopeptide	gi:943670402:ref:WP_055497228.1:	vanR	1	90.59327964655938	61.86501363350237	4.0039102993238904e-05
vanR	glycopeptide	gi:943675889:ref:WP_055502070.1:	vanR	10	902.0279137222076	615.9835409197866	0.000398665206527508
vanR	glycopeptide	gi:944023697:ref:WP_055613131.1:	vanR	14	1220.7444432373877	833.6310587114446	0.0005395269128338942
vanR	glycopeptide	gi:944468330:ref:WP_055698749.1:	vanR	10	902.0279137222076	615.9835409197866	0.000398665206527508
vanR	glycopeptide	gi:948051271:ref:WP_056710274.1:	vanR	31	2796.286532538844	1909.5489768513387	0.001235862140235275
vanR	glycopeptide	gi:950257734:ref:WP_057294159.1:	vanR	11	1023.1001048084773	698.6622206343536	0.0004521749364703113
vanR	glycopeptide	gi:953999146:ref:WP_058083598.1:	vanR	11	996.5260761121532	680.5151499685262	0.0004404301329256279
vanR	glycopeptide	gi:970977909:ref:WP_058846640.1:	vanR	4	360.8111654888831	246.39341636791463	0.00015946608261100322
vanR	glycopeptide	gi:971852285:ref:WP_058921193.1:	vanR	7	631.4195396055454	431.1884786438506	0.0002790656445692556
vanR	glycopeptide	gi:974603856:ref:WP_059193686.1:	vanR	2	184.3792739943191	125.91029206466122	8.148927569549063e-05
vanR	glycopeptide	gi:976142370:ref:WP_059301720.1:	vanR	9	811.8251223499868	554.385186827808	0.00035879868587475723
vanR	glycopeptide	gi:983429529:ref:WP_060593182.1:	vanR	4	360.8111654888831	246.39341636791463	0.00015946608261100322
vanRI	glycopeptide	WP_011461303.1	vanRI	1	89.81565492856318	61.33398347355815	3.969541970574329e-05
vanS	glycopeptide	KF478993.1.gene7.p01	vanS	48	2903.1742332978333	1982.5412461510819	0.001283102814997205
vanW	glycopeptide	NP_815953	vanW	2	151.6452724518494	103.55665325608005	6.702197674955207e-05
vanX	glycopeptide	gi:522156438:ref:WP_020667646.1:	vanX	1	100.12941434619722	68.3771203317658	4.425374541357984e-05
vanX	glycopeptide	gi:654471747:ref:WP_027941974.1:	vanX	1	103.08890442539516	70.39811896226132	4.556173788885806e-05
vatB	MLS	U19459.gene.p01	vatB	1	98.24904975753624	67.09304295464342	4.3422689161681625e-05
vatB	MLS	YP_002861121	vatB	2	196.49809951507248	134.18608590928685	8.684537832336325e-05
vatF	MLS	AAF63432	vatF	11	1036.9257819004838	708.1036019942774	0.00045828540858477496
viomycin_phosphotransferase	aminoglycoside	AAP92507	viomycin_phosphotransferase	15	1067.7065101201642	729.1233749662781	0.0004718894281346014
