gene,drug,timepoint,abundance
AAC(6')-Ib7,aminoglycoside,20-10-12,269.9727169698504
AAC(6')-Ib7,aminoglycoside,20-10-16,157.53867825303416
AAC(6')-Ib7,aminoglycoside,20-10-19,54.66612266582611
AAC(6')-Ib7,aminoglycoside,20-11-02,447.3131868856301
AAC(6')-Ib7,aminoglycoside,20-11-25,144.41750586421657
AAC(6')-Ib7,aminoglycoside,20-11-30,399.75289667785177
AAC(6')-Ib7,aminoglycoside,20-12-04,147.7525271209151
AAC(6')-Ib7,aminoglycoside,20-12-11,326.8982847148757
AAC(6')-Ib7,aminoglycoside,20-12-18,319.496909898553
AAC(6')-Ib7,aminoglycoside,20-12-21,260.35165153366
AAC(6')-Ib7,aminoglycoside,20-12-24,207.2299493416197
AAC(6')-Ib7,aminoglycoside,20-12-28,55.93869973921172
ADP-ribosylating_transferase_arr,rifamycin,20-10-12,3687.3467030266647
ADP-ribosylating_transferase_arr,rifamycin,20-10-16,26156.084461045582
ADP-ribosylating_transferase_arr,rifamycin,20-10-19,28389.967524474177
ADP-ribosylating_transferase_arr,rifamycin,20-11-02,30282.772312012563
ADP-ribosylating_transferase_arr,rifamycin,20-11-25,53206.553333293836
ADP-ribosylating_transferase_arr,rifamycin,20-11-30,8327.714954362891
ADP-ribosylating_transferase_arr,rifamycin,20-12-04,32036.420219833588
ADP-ribosylating_transferase_arr,rifamycin,20-12-11,44869.507595197334
ADP-ribosylating_transferase_arr,rifamycin,20-12-18,42768.0019454512
ADP-ribosylating_transferase_arr,rifamycin,20-12-21,29784.65422463188
ADP-ribosylating_transferase_arr,rifamycin,20-12-24,30379.645648039776
ADP-ribosylating_transferase_arr,rifamycin,20-12-28,26164.802461268908
AxyY,multidrug,20-10-12,2073.7483651501834
AxyY,multidrug,20-10-16,2959.498114409293
AxyY,multidrug,20-10-19,2779.610325147826
AxyY,multidrug,20-11-02,1531.2422732713317
AxyY,multidrug,20-11-25,1362.5317650146576
AxyY,multidrug,20-11-30,1835.7040284027544
AxyY,multidrug,20-12-04,1060.9177632531737
AxyY,multidrug,20-12-11,1146.331652327117
AxyY,multidrug,20-12-18,1120.3773092809677
AxyY,multidrug,20-12-21,1195.5600059273552
AxyY,multidrug,20-12-24,960.2710941289008
AxyY,multidrug,20-12-28,1057.861777764194
LpeB,MLS,20-10-12,220.67720608799925
LpeB,MLS,20-10-16,203.3257817847042
LpeB,MLS,20-10-19,536.2127263654824
LpeB,MLS,20-11-02,500.344405429378
LpeB,MLS,20-11-25,347.92999113953783
LpeB,MLS,20-11-30,137.58326296170398
LpeB,MLS,20-12-04,165.2693291868101
LpeB,MLS,20-12-11,126.5724393033952
LpeB,MLS,20-12-18,206.1778088507903
LpeB,MLS,20-12-21,22.40135720913593
LpeB,MLS,20-12-24,200.5945076139323
LpeB,MLS,20-12-28,137.17381640482557
MexJ,multidrug,20-10-12,3139.4109967925183
MexJ,multidrug,20-10-16,112.1606894084102
MexJ,multidrug,20-10-19,467.0388306015143
MexJ,multidrug,20-11-02,212.31169377542588
MexJ,multidrug,20-11-25,342.72995051109365
MexJ,multidrug,20-11-30,94.86889395796844
MexJ,multidrug,20-12-04,385.7090427196352
MexJ,multidrug,20-12-11,58.18434143702271
MexJ,multidrug,20-12-18,56.86697716944353
MexJ,multidrug,20-12-21,185.35905625494271
MexJ,multidrug,20-12-24,184.42339241679463
MexJ,multidrug,20-12-28,79.65184419387755
MexK,multidrug,20-10-12,34619.571574447975
MexK,multidrug,20-10-16,15327.315731553974
MexK,multidrug,20-10-19,16374.581690446075
MexK,multidrug,20-11-02,16353.380639068577
MexK,multidrug,20-11-25,12182.212494345977
MexK,multidrug,20-11-30,20246.094562414008
MexK,multidrug,20-12-04,14387.774349869276
MexK,multidrug,20-12-11,11582.42679834066
MexK,multidrug,20-12-18,14950.804960618298
MexK,multidrug,20-12-21,13983.708815740005
MexK,multidrug,20-12-24,15121.423978932133
MexK,multidrug,20-12-28,9199.244570758006
MexL,multidrug,20-10-12,8191.284877326229
MexL,multidrug,20-10-16,775.1198817332385
MexL,multidrug,20-10-19,1815.5312288171544
MexL,multidrug,20-11-02,1650.6486614652829
MexL,multidrug,20-11-25,1480.3359364798414
MexL,multidrug,20-11-30,327.8098871035905
MexL,multidrug,20-12-04,1090.455270582528
MexL,multidrug,20-12-11,502.6252969207596
MexL,multidrug,20-12-18,687.7433483027537
MexL,multidrug,20-12-21,853.9860119163558
MexL,multidrug,20-12-24,1147.0615505810777
MexL,multidrug,20-12-28,722.4758825472837
Mrx,MLS,20-10-12,3168.420724341078
Mrx,MLS,20-10-16,3497.8926866351653
Mrx,MLS,20-10-19,1803.3202305065731
Mrx,MLS,20-11-02,1891.784583761664
Mrx,MLS,20-11-25,1404.777869794623
Mrx,MLS,20-11-30,5579.117909082658
Mrx,MLS,20-12-04,1343.4866590348906
Mrx,MLS,20-12-11,1036.8928643498475
Mrx,MLS,20-12-18,1722.8077926006715
Mrx,MLS,20-12-21,1596.5713061765523
Mrx,MLS,20-12-24,887.3757031734971
Mrx,MLS,20-12-28,408.0951629884864
MuxB,multidrug,20-10-12,20110.98485598748
MuxB,multidrug,20-10-16,4151.23471143771
MuxB,multidrug,20-10-19,5034.833677020923
MuxB,multidrug,20-11-02,6024.445992723388
MuxB,multidrug,20-11-25,3636.351643506976
MuxB,multidrug,20-11-30,10433.397441262552
MuxB,multidrug,20-12-04,4993.393834832255
MuxB,multidrug,20-12-11,4204.431722230836
MuxB,multidrug,20-12-18,7837.620317008515
MuxB,multidrug,20-12-21,7274.218493744418
MuxB,multidrug,20-12-24,5434.625271095981
MuxB,multidrug,20-12-28,2835.7277250939087
MuxC,multidrug,20-10-12,10549.676392346764
MuxC,multidrug,20-10-16,875.6537526041359
MuxC,multidrug,20-10-19,1436.395863450752
MuxC,multidrug,20-11-02,809.9373776042283
MuxC,multidrug,20-11-25,1325.7072106944058
MuxC,multidrug,20-11-30,3703.271771859752
MuxC,multidrug,20-12-04,1779.3944651598213
MuxC,multidrug,20-12-11,1424.702794376934
MuxC,multidrug,20-12-18,2845.4327014157043
MuxC,multidrug,20-12-21,3157.360047914473
MuxC,multidrug,20-12-24,2264.441823495239
MuxC,multidrug,20-12-28,1102.3753788529705
NPS-1,beta-lactam,20-10-12,406.5106427936828
NPS-1,beta-lactam,20-10-16,316.2845494428732
NPS-1,beta-lactam,20-10-19,109.75114282334437
NPS-1,beta-lactam,20-11-02,74.83783841892408
NPS-1,beta-lactam,20-11-25,48.32360988049137
NPS-1,beta-lactam,20-11-30,936.3305396004856
NPS-1,beta-lactam,20-12-04,346.0768004339186
NPS-1,beta-lactam,20-12-11,410.1884607054474
NPS-1,beta-lactam,20-12-18,481.0815539851774
NPS-1,beta-lactam,20-12-21,522.6983348798384
NPS-1,beta-lactam,20-12-24,416.0478676437115
NPS-1,beta-lactam,20-12-28,140.3825606482133
OXA-10,beta-lactam,20-10-12,950.7103742755486
OXA-10,beta-lactam,20-10-16,832.1599536753015
OXA-10,beta-lactam,20-10-19,462.0169076918207
OXA-10,beta-lactam,20-11-02,708.847106637309
OXA-10,beta-lactam,20-11-25,305.1402140034253
OXA-10,beta-lactam,20-11-30,2393.1443572623007
OXA-10,beta-lactam,20-12-04,624.3735823496734
OXA-10,beta-lactam,20-12-11,431.6902751779105
OXA-10,beta-lactam,20-12-18,843.8325644498071
OXA-10,beta-lactam,20-12-21,825.146766554261
OXA-10,beta-lactam,20-12-24,218.92841422380783
OXA-10,beta-lactam,20-12-28,147.7413239079987
OXA-11,beta-lactam,20-10-12,1103.8210338030713
OXA-11,beta-lactam,20-10-16,463.7655472167972
OXA-11,beta-lactam,20-10-19,429.1393000283577
OXA-11,beta-lactam,20-11-02,365.7804462048536
OXA-11,beta-lactam,20-11-25,661.3276048813312
OXA-11,beta-lactam,20-11-30,2876.6238407629685
OXA-11,beta-lactam,20-12-04,289.97125172793824
OXA-11,beta-lactam,20-12-11,561.3590394822866
OXA-11,beta-lactam,20-12-18,1332.4337422173733
OXA-11,beta-lactam,20-12-21,85.15871748042312
OXA-11,beta-lactam,20-12-24,203.3492386797916
OXA-11,beta-lactam,20-12-28,247.01021345517083
OXA-118,beta-lactam,20-10-12,88.30568270424571
OXA-118,beta-lactam,20-10-16,154.5885157389324
OXA-118,beta-lactam,20-10-19,107.28482500708942
OXA-118,beta-lactam,20-11-02,512.092624686795
OXA-118,beta-lactam,20-11-25,47.23768606295224
OXA-118,beta-lactam,20-11-30,653.7781456279473
OXA-118,beta-lactam,20-12-04,96.65708390931272
OXA-118,beta-lactam,20-12-11,320.776593989878
OXA-118,beta-lactam,20-12-18,78.37845542455139
OXA-118,beta-lactam,20-12-21,255.4761524412694
OXA-118,beta-lactam,20-12-24,152.51192900984367
OXA-118,beta-lactam,20-12-28,27.44557927279676
OXA-12,beta-lactam,20-10-12,266.9164220607578
OXA-12,beta-lactam,20-10-16,311.5104430361883
OXA-12,beta-lactam,20-10-19,270.2363044989894
OXA-12,beta-lactam,20-11-02,368.5410533460223
OXA-12,beta-lactam,20-11-25,333.1593783081424
OXA-12,beta-lactam,20-11-30,1449.16710468625
OXA-12,beta-lactam,20-12-04,1412.1052843581292
OXA-12,beta-lactam,20-12-11,403.9969367702709
OXA-12,beta-lactam,20-12-18,157.939981874379
OXA-12,beta-lactam,20-12-21,171.60284956432432
OXA-12,beta-lactam,20-12-24,153.66296243633303
OXA-12,beta-lactam,20-12-28,27.65271572013862
OXA-129,beta-lactam,20-10-12,879.761838881851
OXA-129,beta-lactam,20-10-16,924.070157514066
OXA-129,beta-lactam,20-10-19,480.9802882314103
OXA-129,beta-lactam,20-11-02,218.64935627618488
OXA-129,beta-lactam,20-11-25,141.18427812098784
OXA-129,beta-lactam,20-11-30,911.874144909428
OXA-129,beta-lactam,20-12-04,144.44463472268563
OXA-129,beta-lactam,20-12-11,319.5796664003635
OXA-129,beta-lactam,20-12-18,546.601989509278
OXA-129,beta-lactam,20-12-21,169.68192214382816
OXA-129,beta-lactam,20-12-24,151.94285464786662
OXA-129,beta-lactam,20-12-28,136.71585197456596
OXA-161,beta-lactam,20-10-12,2007.51451495576
OXA-161,beta-lactam,20-10-16,1046.8331011451617
OXA-161,beta-lactam,20-10-19,1868.1553224060567
OXA-161,beta-lactam,20-11-02,3680.069358774049
OXA-161,beta-lactam,20-11-25,685.4599010221873
OXA-161,beta-lactam,20-11-30,4680.198768593109
OXA-161,beta-lactam,20-12-04,1075.3100584911042
OXA-161,beta-lactam,20-12-11,620.6329753282422
OXA-161,beta-lactam,20-12-18,1213.1621796147951
OXA-161,beta-lactam,20-12-21,988.5816333596944
OXA-161,beta-lactam,20-12-24,491.7957131114524
OXA-161,beta-lactam,20-12-28,477.9110651632653
OXA-198,beta-lactam,20-10-12,717.1898793014025
OXA-198,beta-lactam,20-10-16,313.87934374368785
OXA-198,beta-lactam,20-10-19,272.29133343054065
OXA-198,beta-lactam,20-11-02,297.0749175260712
OXA-198,beta-lactam,20-11-25,287.73677974467483
OXA-198,beta-lactam,20-11-30,2920.374773702329
OXA-198,beta-lactam,20-12-04,343.44503769297626
OXA-198,beta-lactam,20-12-11,895.5521450078629
OXA-198,beta-lactam,20-12-18,954.8462782519492
OXA-198,beta-lactam,20-12-21,691.6312567991778
OXA-198,beta-lactam,20-12-24,412.8840055323524
OXA-198,beta-lactam,20-12-28,195.04101772189028
OXA-2,beta-lactam,20-10-12,128.13922435887827
OXA-2,beta-lactam,20-10-16,149.54758587788027
OXA-2,beta-lactam,20-10-19,51.893203400168254
OXA-2,beta-lactam,20-11-02,70.77056459180862
OXA-2,beta-lactam,20-11-25,182.78930693924997
OXA-2,beta-lactam,20-11-30,632.4592930531229
OXA-2,beta-lactam,20-12-04,187.01044495497464
OXA-2,beta-lactam,20-12-11,77.57912191603027
OXA-2,beta-lactam,20-12-18,75.8226362259247
OXA-2,beta-lactam,20-12-21,247.1454083399236
OXA-2,beta-lactam,20-12-24,49.17957131114523
OXA-2,beta-lactam,20-12-28,26.55061473129252
OXA-205,beta-lactam,20-10-12,485.68125487335146
OXA-205,beta-lactam,20-10-16,309.1770314778648
OXA-205,beta-lactam,20-10-19,53.64241250354471
OXA-205,beta-lactam,20-11-02,658.4048031687365
OXA-205,beta-lactam,20-11-25,236.1884303147612
OXA-205,beta-lactam,20-11-30,653.7781456279473
OXA-205,beta-lactam,20-12-04,338.2997936825946
OXA-205,beta-lactam,20-12-11,160.388296994939
OXA-205,beta-lactam,20-12-18,78.37845542455139
OXA-205,beta-lactam,20-12-21,85.15871748042312
OXA-205,beta-lactam,20-12-24,406.6984773595832
OXA-205,beta-lactam,20-12-28,54.89115854559352
OXA-21,beta-lactam,20-10-12,213.56537393146385
OXA-21,beta-lactam,20-10-16,149.54758587788027
OXA-21,beta-lactam,20-10-19,207.57281360067304
OXA-21,beta-lactam,20-11-02,424.62338755085176
OXA-21,beta-lactam,20-11-25,502.6705940829373
OXA-21,beta-lactam,20-11-30,758.9511516637475
OXA-21,beta-lactam,20-12-04,280.51566743246195
OXA-21,beta-lactam,20-12-11,310.3164876641211
OXA-21,beta-lactam,20-12-18,758.226362259247
OXA-21,beta-lactam,20-12-21,411.9090138998727
OXA-21,beta-lactam,20-12-24,245.8978565557262
OXA-21,beta-lactam,20-12-28,212.40491785034013
OXA-240,beta-lactam,20-10-12,397.37557216910574
OXA-240,beta-lactam,20-10-16,154.5885157389324
OXA-240,beta-lactam,20-10-19,53.64241250354471
OXA-240,beta-lactam,20-11-02,219.46826772291212
OXA-240,beta-lactam,20-11-25,236.1884303147612
OXA-240,beta-lactam,20-11-30,1176.8006621303052
OXA-240,beta-lactam,20-12-04,241.6427097732818
OXA-240,beta-lactam,20-12-11,240.5824454924085
OXA-240,beta-lactam,20-12-18,313.5138216982056
OXA-240,beta-lactam,20-12-21,170.31743496084624
OXA-240,beta-lactam,20-12-24,101.67461933989578
OXA-240,beta-lactam,20-12-28,54.89115854559352
OXA-3,beta-lactam,20-10-12,1067.826869657319
OXA-3,beta-lactam,20-10-16,598.1903435115211
OXA-3,beta-lactam,20-10-19,1141.6504748037016
OXA-3,beta-lactam,20-11-02,1273.870162652555
OXA-3,beta-lactam,20-11-25,822.5518812266248
OXA-3,beta-lactam,20-11-30,3921.2476169293623
OXA-3,beta-lactam,20-12-04,935.0522247748733
OXA-3,beta-lactam,20-12-11,1008.5285849083936
OXA-3,beta-lactam,20-12-18,1895.5659056481177
OXA-3,beta-lactam,20-12-21,1070.963436139669
OXA-3,beta-lactam,20-12-24,836.0527122894691
OXA-3,beta-lactam,20-12-28,132.75307365646256
OXA-9,beta-lactam,20-10-12,1219.7079070142925
OXA-9,beta-lactam,20-10-16,460.1015986294784
OXA-9,beta-lactam,20-10-19,578.1711584026539
OXA-9,beta-lactam,20-11-02,501.000451415518
OXA-9,beta-lactam,20-11-25,753.4717665262069
OXA-9,beta-lactam,20-11-30,2716.6180075894795
OXA-9,beta-lactam,20-12-04,238.80262337919328
OXA-9,beta-lactam,20-12-11,1107.6686575906974
OXA-9,beta-lactam,20-12-18,1161.858811467124
OXA-9,beta-lactam,20-12-21,1018.752631260932
OXA-9,beta-lactam,20-12-24,348.1530431390295
OXA-9,beta-lactam,20-12-28,245.0587258380466
OpmH,triclosan,20-10-12,12716.292550662016
OpmH,triclosan,20-10-16,1367.2922137406197
OpmH,triclosan,20-10-19,859.9445134885027
OpmH,triclosan,20-11-02,283.0822583672345
OpmH,triclosan,20-11-25,287.2403394759642
OpmH,triclosan,20-11-30,433.6863723792843
OpmH,triclosan,20-12-04,748.0417798198985
OpmH,triclosan,20-12-11,265.98556085496097
OpmH,triclosan,20-12-18,86.6544414010568
OpmH,triclosan,20-12-21,94.15063174854232
OpmH,triclosan,20-12-24,112.41044871118912
OpmH,triclosan,20-12-28,15.171779846452868
OprA,multidrug,20-10-12,856.4519098174599
OprA,multidrug,20-10-16,1940.2840629283955
OprA,multidrug,20-10-19,918.1105216952848
OprA,multidrug,20-11-02,1126.8851438849529
OprA,multidrug,20-11-25,242.54734959246628
OprA,multidrug,20-11-30,447.58657662221015
OprA,multidrug,20-12-04,606.5851612001101
OprA,multidrug,20-12-11,320.26252893540703
OprA,multidrug,20-12-18,670.7387050754877
OprA,multidrug,20-12-21,534.4255411111169
OprA,multidrug,20-12-24,667.07674932297
OprA,multidrug,20-12-28,657.6383033443224
RbpA,rifamycin,20-10-12,8405.933117942415
RbpA,rifamycin,20-10-16,55990.61615267837
RbpA,rifamycin,20-10-19,85561.51376619743
RbpA,rifamycin,20-11-02,76092.51104911263
RbpA,rifamycin,20-11-25,90700.05410325584
RbpA,rifamycin,20-11-30,7285.931055971977
RbpA,rifamycin,20-12-04,81125.131021468
RbpA,rifamycin,20-12-11,87509.24952128215
RbpA,rifamycin,20-12-18,80796.60116234535
RbpA,rifamycin,20-12-21,89367.77965571638
RbpA,rifamycin,20-12-24,105873.78111863347
RbpA,rifamycin,20-12-28,128335.0513651755
TaeA,pleuromutilin,20-10-12,72.65829670888631
TaeA,pleuromutilin,20-10-16,63.59804884791211
TaeA,pleuromutilin,20-10-19,44.13720843897208
TaeA,pleuromutilin,20-11-02,180.57943754088612
TaeA,pleuromutilin,20-11-25,58.30105783732626
TaeA,pleuromutilin,20-11-30,215.17259153486836
TaeA,pleuromutilin,20-12-04,59.64739923833552
TaeA,pleuromutilin,20-12-11,131.96818273543516
TaeA,pleuromutilin,20-12-18,225.7154594583768
TaeA,pleuromutilin,20-12-21,175.17240036419855
TaeA,pleuromutilin,20-12-24,104.57289431337507
TaeA,pleuromutilin,20-12-28,22.58234103493601
TolC,multidrug,20-10-12,25.85265052854562
TolC,multidrug,20-10-16,452.5782204199008
TolC,multidrug,20-10-19,219.8633091428181
TolC,multidrug,20-11-02,42.83481541083154
TolC,multidrug,20-11-25,193.6123580080213
TolC,multidrug,20-11-30,765.608617906412
TolC,multidrug,20-12-04,339.5715974182434
TolC,multidrug,20-12-11,140.8673529527918
TolC,multidrug,20-12-18,137.67794472602117
TolC,multidrug,20-12-21,249.313350518344
TolC,multidrug,20-12-24,148.83291317846584
TolC,multidrug,20-12-28,48.21032674892589
TriC,triclosan,20-10-12,1311.1568665697823
TriC,triclosan,20-10-16,690.627237144699
TriC,triclosan,20-10-19,1311.018449680629
TriC,triclosan,20-11-02,384.5014926641571
TriC,triclosan,20-11-25,285.51833672498987
TriC,triclosan,20-11-30,309.2576543196767
TriC,triclosan,20-12-04,1092.2440751602555
TriC,triclosan,20-12-11,210.74643355142084
TriC,triclosan,20-12-18,164.7799023492537
TriC,triclosan,20-12-21,89.51723451682273
TriC,triclosan,20-12-24,133.59804804996145
TriC,triclosan,20-12-28,72.12568568736944
YojI,peptide,20-10-12,365.7112169658497
YojI,peptide,20-10-16,75.31958704798349
YojI,peptide,20-10-19,130.6799647668471
YojI,peptide,20-11-02,213.86141416794723
YojI,peptide,20-11-25,322.2161870498457
YojI,peptide,20-11-30,891.9060979406084
YojI,peptide,20-12-04,211.922420286568
YojI,peptide,20-12-11,78.14539287892102
YojI,peptide,20-12-18,76.376086125384
YojI,peptide,20-12-21,165.96625961513118
YojI,peptide,20-12-24,74.30781942632893
YojI,peptide,20-12-28,40.11662225823029
aac(2')-I,aminoglycoside,20-10-12,425.6555710257244
aac(2')-I,aminoglycoside,20-10-16,9071.45795654834
aac(2')-I,aminoglycoside,20-10-19,18307.87328058087
aac(2')-I,aminoglycoside,20-11-02,19639.998221994894
aac(2')-I,aminoglycoside,20-11-25,30412.46767134924
aac(2')-I,aminoglycoside,20-11-30,1082.4287618312633
aac(2')-I,aminoglycoside,20-12-04,27595.123274967158
aac(2')-I,aminoglycoside,20-12-11,32756.41411111356
aac(2')-I,aminoglycoside,20-12-18,19424.045357186067
aac(2')-I,aminoglycoside,20-12-21,23576.197618812872
aac(2')-I,aminoglycoside,20-12-24,27807.689159887428
aac(2')-I,aminoglycoside,20-12-28,34618.04194178838
aac(3)-I,aminoglycoside,20-10-12,66.60343864981243
aac(3)-I,aminoglycoside,20-10-16,233.1928457756777
aac(3)-I,aminoglycoside,20-10-19,242.7546464143464
aac(3)-I,aminoglycoside,20-11-02,772.4787050360129
aac(3)-I,aminoglycoside,20-11-25,142.5136969356864
aac(3)-I,aminoglycoside,20-11-30,394.483084480592
aac(3)-I,aminoglycoside,20-12-04,364.5118842342726
aac(3)-I,aminoglycoside,20-12-11,120.9708341741489
aac(3)-I,aminoglycoside,20-12-18,709.3914440120413
aac(3)-I,aminoglycoside,20-12-21,256.91952053415787
aac(3)-I,aminoglycoside,20-12-24,383.4339458157086
aac(3)-I,aminoglycoside,20-12-28,41.40095856404935
aadA,aminoglycoside,20-10-12,2916.0064858195447
aadA,aminoglycoside,20-10-16,1474.7158585372508
aadA,aminoglycoside,20-10-19,1546.2527571116213
aadA,aminoglycoside,20-11-02,3518.665321639136
aadA,aminoglycoside,20-11-25,1195.7695791427118
aadA,aminoglycoside,20-11-30,7343.472475957151
aadA,aminoglycoside,20-12-04,1512.7949740060271
aadA,aminoglycoside,20-12-11,1940.751497780329
aadA,aminoglycoside,20-12-18,1439.4956083579834
aadA,aminoglycoside,20-12-21,2068.924451933126
aadA,aminoglycoside,20-12-24,730.6076142921453
aadA,aminoglycoside,20-12-28,531.0053194057898
acrB,multidrug,20-10-12,17642.843349963176
acrB,multidrug,20-10-16,13219.476187050985
acrB,multidrug,20-10-19,13980.404420598554
acrB,multidrug,20-11-02,11761.968211780943
acrB,multidrug,20-11-25,12438.31500570655
acrB,multidrug,20-11-30,13272.668067209674
acrB,multidrug,20-12-04,9474.206538240882
acrB,multidrug,20-12-11,8764.185343915362
acrB,multidrug,20-12-18,9344.790068528846
acrB,multidrug,20-12-21,9524.48928935089
acrB,multidrug,20-12-24,9491.937515827412
acrB,multidrug,20-12-28,4659.473841946313
acrD,aminoglycoside,20-10-12,795.0063630743508
acrD,aminoglycoside,20-10-16,357.876881811806
acrD,aminoglycoside,20-10-19,524.3313268410064
acrD,aminoglycoside,20-11-02,639.7986301825936
acrD,aminoglycoside,20-11-25,522.4815738812665
acrD,aminoglycoside,20-11-30,1244.445915348457
acrD,aminoglycoside,20-12-04,236.1952729633639
acrD,aminoglycoside,20-12-11,371.3035430431969
acrD,aminoglycoside,20-12-18,463.7014400406262
acrD,aminoglycoside,20-12-21,175.23990417936778
acrD,aminoglycoside,20-12-24,366.1461725361564
acrD,aminoglycoside,20-12-28,190.6119277240769
acrF,multidrug,20-10-12,409.2546876341417
acrF,multidrug,20-10-16,437.826876302068
acrF,multidrug,20-10-19,690.5749343513231
acrF,multidrug,20-11-02,433.2223182534245
acrF,multidrug,20-11-25,960.8336664665876
acrF,multidrug,20-11-30,403.993284202882
acrF,multidrug,20-12-04,261.309676701792
acrF,multidrug,20-12-11,123.88719951103776
acrF,multidrug,20-12-18,282.52523276467986
acrF,multidrug,20-12-21,350.81778310160803
acrF,multidrug,20-12-24,222.51740462091945
acrF,multidrug,20-12-28,77.73159722681204
adeB,multidrug,20-10-12,1712.0757192959504
adeB,multidrug,20-10-16,2975.586859140887
adeB,multidrug,20-10-19,1955.1574307845492
adeB,multidrug,20-11-02,1427.1397165412586
adeB,multidrug,20-11-25,484.6877438825245
adeB,multidrug,20-11-30,939.481971116601
adeB,multidrug,20-12-04,607.5950178033573
adeB,multidrug,20-12-11,576.2566392367074
adeB,multidrug,20-12-18,583.1761553886688
adeB,multidrug,20-12-21,633.4986308773875
adeB,multidrug,20-12-24,1252.030056158523
adeB,multidrug,20-12-28,746.3076372613226
adeC,multidrug,20-10-12,1843.5174006528332
adeC,multidrug,20-10-16,2377.9912421075283
adeC,multidrug,20-10-19,1915.56392798152
adeC,multidrug,20-11-02,1245.9114210854211
adeC,multidrug,20-11-25,311.4188192298333
adeC,multidrug,20-11-30,1795.8720666940528
adeC,multidrug,20-12-04,531.0173128351131
adeC,multidrug,20-12-11,484.6300702408805
adeC,multidrug,20-12-18,1205.6735241850745
adeC,multidrug,20-12-21,1403.5418251403069
adeC,multidrug,20-12-24,893.7324564198245
adeC,multidrug,20-12-28,196.0156494976904
adeF,multidrug,20-10-12,1935.144059940494
adeF,multidrug,20-10-16,3309.798457259501
adeF,multidrug,20-10-19,2702.363044989894
adeF,multidrug,20-11-02,2598.214426089457
adeF,multidrug,20-11-25,1487.3186531613496
adeF,multidrug,20-11-30,3886.4026898403977
adeF,multidrug,20-12-04,2690.3040331305738
adeF,multidrug,20-12-11,1494.788666050002
adeF,multidrug,20-12-18,1855.7947870239532
adeF,multidrug,20-12-21,2895.798086397973
adeF,multidrug,20-12-24,1972.008017932941
adeF,multidrug,20-12-28,1852.7319532492877
adeI,multidrug,20-10-12,1470.067264587227
adeI,multidrug,20-10-16,1484.7170396508975
adeI,multidrug,20-10-19,1373.8632267094904
adeI,multidrug,20-11-02,843.137086072195
adeI,multidrug,20-11-25,120.98285063605032
adeI,multidrug,20-11-30,2762.800595265153
adeI,multidrug,20-12-04,804.5485329717615
adeI,multidrug,20-12-11,667.5153223854117
adeI,multidrug,20-12-18,853.1410291895413
adeI,multidrug,20-12-21,1199.573876450852
adeI,multidrug,20-12-24,455.707106825576
adeI,multidrug,20-12-28,175.73068743013752
adeJ,multidrug,20-10-12,1892.4433134776737
adeJ,multidrug,20-10-16,3040.094833596795
adeJ,multidrug,20-10-19,2258.603900963697
adeJ,multidrug,20-11-02,1309.5561697271785
adeJ,multidrug,20-11-25,750.3164468979411
adeJ,multidrug,20-11-30,2934.0377855631564
adeJ,multidrug,20-12-04,1364.6994510028744
adeJ,multidrug,20-12-11,970.5082220430304
adeJ,multidrug,20-12-18,1185.6684191702673
adeJ,multidrug,20-12-21,2125.590537450448
adeJ,multidrug,20-12-24,1153.5604828789876
adeJ,multidrug,20-12-28,269.8685712631092
amrB,multidrug,20-10-12,2583.0093876472406
amrB,multidrug,20-10-16,1816.6707199357384
amrB,multidrug,20-10-19,1644.5621174258067
amrB,multidrug,20-11-02,1925.214125330419
amrB,multidrug,20-11-25,1122.5306624055252
amrB,multidrug,20-11-30,1704.3082855129023
amrB,multidrug,20-12-04,1753.709446175894
amrB,multidrug,20-12-11,1106.41082508064
amrB,multidrug,20-12-18,961.434893380989
amrB,multidrug,20-12-21,1458.3250229040743
amrB,multidrug,20-12-24,1559.0856875682962
amrB,multidrug,20-12-28,1101.2515309741054
ant(2'')-I,aminoglycoside,20-10-12,7827.768937635155
ant(2'')-I,aminoglycoside,20-10-16,4953.016044275394
ant(2'')-I,aminoglycoside,20-10-19,4926.948303625575
ant(2'')-I,aminoglycoside,20-11-02,9219.422990504094
ant(2'')-I,aminoglycoside,20-11-25,4893.6353253776
ant(2'')-I,aminoglycoside,20-11-30,13685.407166800696
ant(2'')-I,aminoglycoside,20-12-04,7122.853827445075
ant(2'')-I,aminoglycoside,20-12-11,4624.95693214606
ant(2'')-I,aminoglycoside,20-12-18,6612.947041080249
ant(2'')-I,aminoglycoside,20-12-21,4092.727962109135
ant(2'')-I,aminoglycoside,20-12-24,6732.486594210539
ant(2'')-I,aminoglycoside,20-12-28,3546.7373182649794
ant(3'')-Ih-aac(6')-IId,aminoglycoside,20-10-12,330.28989726986737
ant(3'')-Ih-aac(6')-IId,aminoglycoside,20-10-16,88.95502953080809
ant(3'')-Ih-aac(6')-IId,aminoglycoside,20-10-19,154.337544595328
ant(3'')-Ih-aac(6')-IId,aminoglycoside,20-11-02,126.28885233193436
ant(3'')-Ih-aac(6')-IId,aminoglycoside,20-11-25,135.91015278888196
ant(3'')-Ih-aac(6')-IId,aminoglycoside,20-11-30,601.926775457455
ant(3'')-Ih-aac(6')-IId,aminoglycoside,20-12-04,278.09742892011315
ant(3'')-Ih-aac(6')-IId,aminoglycoside,20-12-11,553.754421952354
ant(3'')-Ih-aac(6')-IId,aminoglycoside,20-12-18,90.20279137222076
ant(3'')-Ih-aac(6')-IId,aminoglycoside,20-12-21,196.0118755799394
ant(3'')-Ih-aac(6')-IId,aminoglycoside,20-12-24,87.76009708109538
ant(3'')-Ih-aac(6')-IId,aminoglycoside,20-12-28,31.586076145847997
aph(3'')-I,aminoglycoside,20-10-12,3703.582765634328
aph(3'')-I,aminoglycoside,20-10-16,3414.551923497098
aph(3'')-I,aminoglycoside,20-10-19,12839.175715662306
aph(3'')-I,aminoglycoside,20-11-02,18464.3159645588
aph(3'')-I,aminoglycoside,20-11-25,9380.14569759929
aph(3'')-I,aminoglycoside,20-11-30,4686.461197705248
aph(3'')-I,aminoglycoside,20-12-04,10364.783301320516
aph(3'')-I,aminoglycoside,20-12-11,5972.632179982404
aph(3'')-I,aminoglycoside,20-12-18,7915.253896866062
aph(3'')-I,aminoglycoside,20-12-21,6011.292485705131
aph(3'')-I,aminoglycoside,20-12-24,17772.372762754938
aph(3'')-I,aminoglycoside,20-12-28,11782.238813827593
aph(3')-I,aminoglycoside,20-10-12,326.07343049620937
aph(3')-I,aminoglycoside,20-10-16,702.5554672731056
aph(3')-I,aminoglycoside,20-10-19,487.5752898194533
aph(3')-I,aminoglycoside,20-11-02,124.6766542170586
aph(3')-I,aminoglycoside,20-11-25,26.83502591235797
aph(3')-I,aminoglycoside,20-11-30,222.8409764459514
aph(3')-I,aminoglycoside,20-12-04,109.81889959058086
aph(3')-I,aminoglycoside,20-12-11,91.11420276095473
aph(3')-I,aminoglycoside,20-12-18,44.52563318798983
aph(3')-I,aminoglycoside,20-12-21,48.3773990793042
aph(3')-I,aminoglycoside,20-12-24,86.63975541623034
aph(3')-I,aminoglycoside,20-12-28,77.95712410464611
aph(6)-I,aminoglycoside,20-10-12,3176.5727739533977
aph(6)-I,aminoglycoside,20-10-16,1012.1694790774555
aph(6)-I,aminoglycoside,20-10-19,1006.8666735061479
aph(6)-I,aminoglycoside,20-11-02,1992.1471038646828
aph(6)-I,aminoglycoside,20-11-25,580.5248534911786
aph(6)-I,aminoglycoside,20-11-30,5420.127406969397
aph(6)-I,aminoglycoside,20-12-04,1038.5573778768314
aph(6)-I,aminoglycoside,20-12-11,1141.8322080303317
aph(6)-I,aminoglycoside,20-12-18,1102.74314863007
aph(6)-I,aminoglycoside,20-12-21,2077.4825672528245
aph(6)-I,aminoglycoside,20-12-24,1140.2325738663758
aph(6)-I,aminoglycoside,20-12-28,545.1733089345335
arnA,peptide,20-10-12,426.7442041997033
arnA,peptide,20-10-16,124.51020724674191
arnA,peptide,20-10-19,669.6806158247957
arnA,peptide,20-11-02,58.92209902666419
arnA,peptide,20-11-25,95.11660768332013
arnA,peptide,20-11-30,315.94346585097185
arnA,peptide,20-12-04,973.131274652583
arnA,peptide,20-12-11,129.1815242764667
arnA,peptide,20-12-18,94.69252306948064
arnA,peptide,20-12-21,68.5893742602503
arnA,peptide,20-12-24,61.4188311397108
arnA,peptide,20-12-28,22.105489188044444
bacA,bacitracin,20-10-12,112104.60142951416
bacA,bacitracin,20-10-16,93407.68109449609
bacA,bacitracin,20-10-19,62266.09469512721
bacA,bacitracin,20-11-02,60634.172411540356
bacA,bacitracin,20-11-25,42578.9093085747
bacA,bacitracin,20-11-30,132221.70407503104
bacA,bacitracin,20-12-04,52023.150189658394
bacA,bacitracin,20-12-11,48301.309277437285
bacA,bacitracin,20-12-18,72822.37749120225
bacA,bacitracin,20-12-21,66707.13166376691
bacA,bacitracin,20-12-24,46635.30747069758
bacA,bacitracin,20-12-28,36796.165515642504
baeR,multidrug,20-10-12,586.9946211294674
baeR,multidrug,20-10-16,513.798344841846
baeR,multidrug,20-10-19,297.1478037022083
baeR,multidrug,20-11-02,1296.7751586615225
baeR,multidrug,20-11-25,942.009623313479
baeR,multidrug,20-11-30,2028.0686376408853
baeR,multidrug,20-12-04,267.7120477571213
baeR,multidrug,20-12-11,533.074796236291
baeR,multidrug,20-12-18,521.005334398885
baeR,multidrug,20-12-21,283.03789502829426
baeR,multidrug,20-12-24,563.2183270488002
baeR,multidrug,20-12-28,152.03256568126005
bpeF,multidrug,20-10-12,1409.7727847543633
bpeF,multidrug,20-10-16,3731.085532410843
bpeF,multidrug,20-10-19,2400.5737256529815
bpeF,multidrug,20-11-02,1986.373812949747
bpeF,multidrug,20-11-25,902.5867472593472
bpeF,multidrug,20-11-30,1742.3002897892811
bpeF,multidrug,20-12-04,1786.1082327479357
bpeF,multidrug,20-12-11,1028.2520904802657
bpeF,multidrug,20-12-18,1458.1935238025292
bpeF,multidrug,20-12-21,1306.0075627153026
bpeF,multidrug,20-12-24,1827.701808388211
bpeF,multidrug,20-12-28,1759.540738972097
cAMP-regulatory_protein,unclassified,20-10-12,7430.860423010592
cAMP-regulatory_protein,unclassified,20-10-16,1564.9339792339315
cAMP-regulatory_protein,unclassified,20-10-19,2986.6874980646608
cAMP-regulatory_protein,unclassified,20-11-02,3054.8734706265072
cAMP-regulatory_protein,unclassified,20-11-25,1853.0157703462355
cAMP-regulatory_protein,unclassified,20-11-30,7611.093065973885
cAMP-regulatory_protein,unclassified,20-12-04,2323.892827829116
cAMP-regulatory_protein,unclassified,20-12-11,1623.6464567828893
cAMP-regulatory_protein,unclassified,20-12-18,1785.2457666843316
cAMP-regulatory_protein,unclassified,20-12-21,1831.921415372704
cAMP-regulatory_protein,unclassified,20-12-24,1865.5606103052444
cAMP-regulatory_protein,unclassified,20-12-28,902.972565458555
ceoB,multidrug,20-10-12,3013.439754708438
ceoB,multidrug,20-10-16,5799.0404609028465
ceoB,multidrug,20-10-19,4738.849660604281
ceoB,multidrug,20-11-02,4440.95403115467
ceoB,multidrug,20-11-25,2385.174684409843
ceoB,multidrug,20-11-30,2711.5526015062082
ceoB,multidrug,20-12-04,3953.6081880620727
ceoB,multidrug,20-12-11,2383.9320480960264
ceoB,multidrug,20-12-18,2817.3050898244837
ceoB,multidrug,20-12-21,4273.762823165276
ceoB,multidrug,20-12-24,4058.693879294544
ceoB,multidrug,20-12-28,3232.6413068728084
class_A,beta-lactam,20-10-12,4475.719635452361
class_A,beta-lactam,20-10-16,3197.1265867843645
class_A,beta-lactam,20-10-19,3027.247467421909
class_A,beta-lactam,20-11-02,2721.298141506638
class_A,beta-lactam,20-11-25,9301.938553211397
class_A,beta-lactam,20-11-30,11238.809897810825
class_A,beta-lactam,20-12-04,5704.854278571843
class_A,beta-lactam,20-12-11,10443.982572258701
class_A,beta-lactam,20-12-18,11734.67007774716
class_A,beta-lactam,20-12-21,10548.64641902647
class_A,beta-lactam,20-12-24,10933.309438585326
class_A,beta-lactam,20-12-28,8966.713057889263
cmeB,multidrug,20-10-12,577.549702874022
cmeB,multidrug,20-10-16,79.29900807357339
cmeB,multidrug,20-10-19,123.82585710472426
cmeB,multidrug,20-11-02,112.58026413451978
cmeB,multidrug,20-11-25,96.92574200813252
cmeB,multidrug,20-11-30,301.83071737636067
cmeB,multidrug,20-12-04,223.11908994628095
cmeB,multidrug,20-12-11,246.82233600950264
cmeB,multidrug,20-12-18,281.43964109219314
cmeB,multidrug,20-12-21,65.52558376735728
cmeB,multidrug,20-12-24,117.35067736492292
cmeB,multidrug,20-12-28,42.2361364025172
cpxA,aminoglycoside:aminocoumarin,20-10-12,334.6168391554988
cpxA,aminoglycoside:aminocoumarin,20-10-16,90.12037926265272
cpxA,aminoglycoside:aminocoumarin,20-10-19,125.0875470606676
cpxA,aminoglycoside:aminocoumarin,20-11-02,170.5910552606042
cpxA,aminoglycoside:aminocoumarin,20-11-25,357.9956513635529
cpxA,aminoglycoside:aminocoumarin,20-11-30,838.4918837158434
cpxA,aminoglycoside:aminocoumarin,20-12-04,169.04437600733513
cpxA,aminoglycoside:aminocoumarin,20-12-11,374.00589779605866
cpxA,aminoglycoside:aminocoumarin,20-12-18,45.69224366453105
cpxA,aminoglycoside:aminocoumarin,20-12-21,49.644929186185536
cpxA,aminoglycoside:aminocoumarin,20-12-24,29.63659755868141
cpxA,aminoglycoside:aminocoumarin,20-12-28,15.999933768202476
dfrB2,diaminopyrimidine,20-10-12,2089.15596169918
dfrB2,diaminopyrimidine,20-10-16,1044.940093728986
dfrB2,diaminopyrimidine,20-10-19,362.59554780877056
dfrB2,diaminopyrimidine,20-11-02,494.4981222111185
dfrB2,diaminopyrimidine,20-11-25,159.65141998491453
dfrB2,diaminopyrimidine,20-11-30,3093.446466275022
dfrB2,diaminopyrimidine,20-12-04,326.67647346565184
dfrB2,diaminopyrimidine,20-12-11,1897.251437237601
dfrB2,diaminopyrimidine,20-12-18,794.6980100641222
dfrB2,diaminopyrimidine,20-12-21,863.4447177445433
dfrB2,diaminopyrimidine,20-12-24,515.4517094383324
dfrB2,diaminopyrimidine,20-12-28,371.0364387765435
efpA,multidrug,20-10-12,2419.924937609852
efpA,multidrug,20-10-16,16634.422998665006
efpA,multidrug,20-10-19,24760.973934263337
efpA,multidrug,20-11-02,23431.854052759056
efpA,multidrug,20-11-25,41804.01776780134
efpA,multidrug,20-11-30,5654.257544221818
efpA,multidrug,20-12-04,37253.11456874266
efpA,multidrug,20-12-11,44194.67808495573
efpA,multidrug,20-12-18,34484.3063061409
efpA,multidrug,20-12-21,41192.76312564332
efpA,multidrug,20-12-24,47366.87343976721
efpA,multidrug,20-12-28,59355.17426132542
emrA,multidrug,20-10-12,1115.5650120655287
emrA,multidrug,20-10-16,3061.3270520883725
emrA,multidrug,20-10-19,1941.416315441589
emrA,multidrug,20-11-02,649.4240044895381
emrA,multidrug,20-11-25,322.56936518691174
emrA,multidrug,20-11-30,982.1720786236734
emrA,multidrug,20-12-04,462.02580518287857
emrA,multidrug,20-12-11,985.7111961095611
emrA,multidrug,20-12-18,909.8716347110964
emrA,multidrug,20-12-21,465.21488628691503
emrA,multidrug,20-12-24,1145.594719953736
emrA,multidrug,20-12-28,1461.845611087635
emrB,multidrug,20-10-12,1717.2674004630774
emrB,multidrug,20-10-16,2762.5089485787958
emrB,multidrug,20-10-19,1409.6972577211063
emrB,multidrug,20-11-02,999.7038809268086
emrB,multidrug,20-11-25,422.07058472389804
emrB,multidrug,20-11-30,2267.8894650109623
emrB,multidrug,20-12-04,1244.6502251826166
emrB,multidrug,20-12-11,969.4335943365359
emrB,multidrug,20-12-18,1153.4593164447756
emrB,multidrug,20-12-21,2014.1377766285111
emrB,multidrug,20-12-24,1042.0647747896996
emrB,multidrug,20-12-28,288.50274274947776
eptA,peptide,20-10-12,301.17394338364096
eptA,peptide,20-10-16,301.278348191934
eptA,peptide,20-10-19,156.8159577202165
eptA,peptide,20-11-02,106.93070708397362
eptA,peptide,20-11-25,253.1698612534502
eptA,peptide,20-11-30,382.245470545975
eptA,peptide,20-12-04,23.546935587396444
eptA,peptide,20-12-11,39.07269643946051
eptA,peptide,20-12-18,38.188043062692
eptA,peptide,20-12-21,165.96625961513118
eptA,peptide,20-12-24,74.30781942632893
eptA,peptide,20-12-28,13.3722074194101
ereA,MLS,20-10-12,1404.257454573029
ereA,MLS,20-10-16,421.01845069420455
ereA,MLS,20-10-19,251.14912967214352
ereA,MLS,20-11-02,1011.1106247553906
ereA,MLS,20-11-25,1707.6274095575072
ereA,MLS,20-11-30,5041.55052931717
ereA,MLS,20-12-04,731.061077869783
ereA,MLS,20-12-11,1938.6622608318985
ereA,MLS,20-12-18,1877.1755658804423
ereA,MLS,20-12-21,1038.896858602324
ereA,MLS,20-12-24,620.1916007958179
ereA,MLS,20-12-28,182.24821399402
ermF,MLS,20-10-12,927.20966839458
ermF,MLS,20-10-16,463.7655472167972
ermF,MLS,20-10-19,804.6361875531708
ermF,MLS,20-11-02,512.092624686795
ermF,MLS,20-11-25,519.6145466924746
ermF,MLS,20-11-30,523.0225165023578
ermF,MLS,20-12-04,483.2854195465636
ermF,MLS,20-12-11,320.776593989878
ermF,MLS,20-12-18,548.6491879718596
ermF,MLS,20-12-21,1021.9046097650776
ermF,MLS,20-12-24,406.6984773595832
ermF,MLS,20-12-28,164.67347563678055
floR,phenicol,20-10-12,494.83888122786584
floR,phenicol,20-10-16,13758.377900764985
floR,phenicol,20-10-19,495.09959984753124
floR,phenicol,20-11-02,8632.960427391885
floR,phenicol,20-11-25,3612.458303066065
floR,phenicol,20-11-30,603.4130144092017
floR,phenicol,20-12-04,3918.9077687231356
floR,phenicol,20-12-11,2696.3054817038083
floR,phenicol,20-12-18,1963.5254536728353
floR,phenicol,20-12-21,1459.6834981459192
floR,phenicol,20-12-24,3988.281086773468
floR,phenicol,20-12-28,1700.8127125645753
kdpE,aminoglycoside,20-10-12,4277.355347625566
kdpE,aminoglycoside,20-10-16,3104.766694420417
kdpE,aminoglycoside,20-10-19,3232.074031242338
kdpE,aminoglycoside,20-11-02,4407.816226523444
kdpE,aminoglycoside,20-11-25,2343.908900486488
kdpE,aminoglycoside,20-11-30,4943.257058624055
kdpE,aminoglycoside,20-12-04,5252.842055637961
kdpE,aminoglycoside,20-12-11,2273.82346713179
kdpE,aminoglycoside,20-12-18,4166.890008522057
kdpE,aminoglycoside,20-12-21,3420.6674216251376
kdpE,aminoglycoside,20-12-24,2762.760342328761
kdpE,aminoglycoside,20-12-28,3307.313742988261
lrfA,fluoroquinolone,20-10-12,443.539335008553
lrfA,fluoroquinolone,20-10-16,9807.952562921571
lrfA,fluoroquinolone,20-10-19,22717.50858395168
lrfA,fluoroquinolone,20-11-02,20809.068505165305
lrfA,fluoroquinolone,20-11-25,40135.10241850466
lrfA,fluoroquinolone,20-11-30,1520.9080504627973
lrfA,fluoroquinolone,20-12-04,35184.996844568326
lrfA,fluoroquinolone,20-12-11,43459.67047533656
lrfA,fluoroquinolone,20-12-18,36798.45201453353
lrfA,fluoroquinolone,20-12-21,40837.23060102295
lrfA,fluoroquinolone,20-12-24,45908.20465870169
lrfA,fluoroquinolone,20-12-28,61221.19607953502
macA,MLS,20-10-12,2781.700669370017
macA,MLS,20-10-16,2880.2534068484497
macA,MLS,20-10-19,2075.723468714931
macA,MLS,20-11-02,1522.2060384348551
macA,MLS,20-11-25,1620.7407115092108
macA,MLS,20-11-30,4818.255994198169
macA,MLS,20-12-04,1486.4710185537706
macA,MLS,20-12-11,2098.5497022017607
macA,MLS,20-12-18,2044.4381936807158
macA,MLS,20-12-21,2889.317545652388
macA,MLS,20-12-24,2214.8578357109773
macA,MLS,20-12-28,1309.4165455738566
macB,MLS,20-10-12,7984.749278973657
macB,MLS,20-10-16,4902.665945577029
macB,MLS,20-10-19,5037.078919951472
macB,MLS,20-11-02,4671.032618829783
macB,MLS,20-11-25,3850.5201189644354
macB,MLS,20-11-30,7971.390825405997
macB,MLS,20-12-04,3303.970283251307
macB,MLS,20-12-11,3203.450199792018
macB,MLS,20-12-18,5132.711084807721
macB,MLS,20-12-21,5155.985857174521
macB,MLS,20-12-24,2849.7316153572215
macB,MLS,20-12-28,1594.2247760744847
major_facilitator_superfamily_transporter,multidrug,20-10-12,990.869691809602
major_facilitator_superfamily_transporter,multidrug,20-10-16,2134.9207087393943
major_facilitator_superfamily_transporter,multidrug,20-10-19,1913.7855529820677
major_facilitator_superfamily_transporter,multidrug,20-11-02,463.0591252170927
major_facilitator_superfamily_transporter,multidrug,20-11-25,244.6382750199876
major_facilitator_superfamily_transporter,multidrug,20-11-30,1580.0577855758197
major_facilitator_superfamily_transporter,multidrug,20-12-04,750.8630580843055
major_facilitator_superfamily_transporter,multidrug,20-12-11,415.3158164642656
major_facilitator_superfamily_transporter,multidrug,20-12-18,1307.940474897201
major_facilitator_superfamily_transporter,multidrug,20-12-21,980.0593778996972
major_facilitator_superfamily_transporter,multidrug,20-12-24,731.3341423424615
major_facilitator_superfamily_transporter,multidrug,20-12-28,173.723418802164
marR,multidrug,20-10-12,1901.4207485510967
marR,multidrug,20-10-16,1331.4559258804825
marR,multidrug,20-10-19,2125.277775382375
marR,multidrug,20-11-02,504.06905360875305
marR,multidrug,20-11-25,406.8536186712338
marR,multidrug,20-11-30,675.7113479328849
marR,multidrug,20-12-04,416.2490548997823
marR,multidrug,20-12-11,138.14088805693132
marR,multidrug,20-12-18,405.0396309359074
marR,multidrug,20-12-21,586.7710339941412
marR,multidrug,20-12-24,175.14273137904627
marR,multidrug,20-12-28,94.55444730111915
mdfA,multidrug,20-10-12,891.3489460280997
mdfA,multidrug,20-10-16,906.0395202942793
mdfA,multidrug,20-10-19,978.1235996987812
mdfA,multidrug,20-11-02,428.7660547464699
mdfA,multidrug,20-11-25,153.81051437571034
mdfA,multidrug,20-11-30,851.5061701593265
mdfA,multidrug,20-12-04,503.5598322690049
mdfA,multidrug,20-12-11,417.7919541234021
mdfA,multidrug,20-12-18,663.540533606385
mdfA,multidrug,20-12-21,1330.9684429623205
mdfA,multidrug,20-12-24,662.1249600915164
mdfA,multidrug,20-12-28,142.98477396754603
mdsB,multidrug,20-10-12,558.1822273208713
mdsB,multidrug,20-10-16,469.0356102533517
mdsB,multidrug,20-10-19,434.0158829832255
mdsB,multidrug,20-11-02,406.9307464028996
mdsB,multidrug,20-11-25,465.8011600128045
mdsB,multidrug,20-11-30,1289.3545133378436
mdsB,multidrug,20-12-04,342.1441095198968
mdsB,multidrug,20-12-11,364.9745053776879
mdsB,multidrug,20-12-18,733.23935713934
mdsB,multidrug,20-12-21,322.97411317149107
mdsB,multidrug,20-12-24,449.8813057439991
mdsB,multidrug,20-12-28,201.24159120195577
mdtB,multidrug,20-10-12,11431.370848794117
mdtB,multidrug,20-10-16,6102.947367041607
mdtB,multidrug,20-10-19,8825.083068710837
mdtB,multidrug,20-11-02,10575.373767758896
mdtB,multidrug,20-11-25,6745.425857878474
mdtB,multidrug,20-11-30,13240.558030807895
mdtB,multidrug,20-12-04,8115.31574998578
mdtB,multidrug,20-12-11,6783.831522468074
mdtB,multidrug,20-12-18,11270.92976460158
mdtB,multidrug,20-12-21,10828.918649154426
mdtB,multidrug,20-12-24,7924.392994882421
mdtB,multidrug,20-12-28,4453.687306651256
mdtC,multidrug,20-10-12,6463.967057406035
mdtC,multidrug,20-10-16,2974.571630690684
mdtC,multidrug,20-10-19,3877.692755659057
mdtC,multidrug,20-11-02,5212.143157997166
mdtC,multidrug,20-11-25,3451.8386612103977
mdtC,multidrug,20-11-30,9181.013659668284
mdtC,multidrug,20-12-04,4839.641404574433
mdtC,multidrug,20-12-11,3857.702651164306
mdtC,multidrug,20-12-18,6991.118661342925
mdtC,multidrug,20-12-21,7263.608899699677
mdtC,multidrug,20-12-24,5142.501973649937
mdtC,multidrug,20-12-28,3276.1830314975123
mdtD,multidrug,20-10-12,224.78660544311705
mdtD,multidrug,20-10-16,87.44731716587914
mdtD,multidrug,20-10-19,60.6886616035866
mdtD,multidrug,20-11-02,82.76557553957281
mdtD,multidrug,20-11-25,133.606590877206
mdtD,multidrug,20-11-30,147.931156680222
mdtD,multidrug,20-12-04,27.338391317570444
mdtD,multidrug,20-12-11,136.09218844591751
mdtD,multidrug,20-12-18,44.33696525075258
mdtD,multidrug,20-12-21,48.17241010015461
mdtD,multidrug,20-12-24,57.51509187235629
mdtD,multidrug,20-12-28,15.525359461518503
mdtF,multidrug,20-10-12,442.9321165699955
mdtF,multidrug,20-10-16,198.82048989544774
mdtF,multidrug,20-10-19,220.77108498568685
mdtF,multidrug,20-11-02,376.35213540152563
mdtF,multidrug,20-11-25,109.35660848677671
mdtF,multidrug,20-11-30,269.0693871023691
mdtF,multidrug,20-12-04,124.3133015596652
mdtF,multidrug,20-12-11,123.76784768106563
mdtF,multidrug,20-12-18,181.44838958111458
mdtF,multidrug,20-12-21,21.904988022420973
mdtF,multidrug,20-12-24,130.76649019148445
mdtF,multidrug,20-12-28,105.89551540226495
mdtK,multidrug,20-10-12,354.75581558615374
mdtK,multidrug,20-10-16,286.6328729326038
mdtK,multidrug,20-10-19,696.2338122855908
mdtK,multidrug,20-11-02,226.07263689049975
mdtK,multidrug,20-11-25,87.58654290839061
mdtK,multidrug,20-11-30,404.0712150061619
mdtK,multidrug,20-12-04,507.78530539857695
mdtK,multidrug,20-12-11,198.2577560076329
mdtK,multidrug,20-12-18,435.9801582990671
mdtK,multidrug,20-12-21,1315.8204610690375
mdtK,multidrug,20-12-24,596.9853517491797
mdtK,multidrug,20-12-28,118.74024921494708
mef(B),MLS,20-10-12,345.03830168829666
mef(B),MLS,20-10-16,604.026346862853
mef(B),MLS,20-10-19,663.7267283670301
mef(B),MLS,20-11-02,1095.7354732409783
mef(B),MLS,20-11-25,30.76210287514207
mef(B),MLS,20-11-30,2043.614808382384
mef(B),MLS,20-12-04,94.4174685504384
mef(B),MLS,20-12-11,208.89597706170105
mef(B),MLS,20-12-18,306.2494770491008
mef(B),MLS,20-12-21,221.8280738270534
mef(B),MLS,20-12-24,132.42499201830327
mef(B),MLS,20-12-28,17.873096745943254
mefC,MLS,20-10-12,1155.765553040863
mefC,MLS,20-10-16,404.6581735519113
mefC,MLS,20-10-19,596.7718391019349
mefC,MLS,20-11-02,622.3646709691407
mefC,MLS,20-11-25,340.0418724678694
mefC,MLS,20-11-30,1796.9284620274025
mefC,MLS,20-12-04,158.13383213104473
mefC,MLS,20-12-11,314.8799654238876
mefC,MLS,20-12-18,359.042483305114
mefC,MLS,20-12-21,167.1865997593601
mefC,MLS,20-12-24,99.80560060203004
mefC,MLS,20-12-28,53.88212989585834
mel,MLS,20-10-12,265.7313423180017
mel,MLS,20-10-16,338.320768051598
mel,MLS,20-10-19,469.5909553588997
mel,MLS,20-11-02,520.3376757282978
mel,MLS,20-11-25,77.53562814841136
mel,MLS,20-11-30,1144.6476385748324
mel,MLS,20-12-04,132.21025309316852
mel,MLS,20-12-11,219.38358246746265
mel,MLS,20-12-18,128.64988277677386
mel,MLS,20-12-21,232.9649340909116
mel,MLS,20-12-24,166.8880534656896
mel,MLS,20-12-28,45.048993847356975
mexB,multidrug,20-10-12,20897.425948807722
mexB,multidrug,20-10-16,5961.744603687257
mexB,multidrug,20-10-19,5450.765332970878
mexB,multidrug,20-11-02,3044.7265643393434
mexB,multidrug,20-11-25,2587.8150162462725
mexB,multidrug,20-11-30,7430.261592619397
mexB,multidrug,20-12-04,3982.031003419527
mexB,multidrug,20-12-11,2289.0449027614236
mexB,multidrug,20-12-18,2341.2366537475255
mexB,multidrug,20-12-21,2917.682807125694
mexB,multidrug,20-12-24,2298.038882841065
mexB,multidrug,20-12-28,1093.533069720178
mexC,multidrug,20-10-12,2582.599831150588
mexC,multidrug,20-10-16,957.4128951563264
mexC,multidrug,20-10-19,738.2744401261052
mexC,multidrug,20-11-02,1208.2067522065474
mexC,multidrug,20-11-25,520.1015331467319
mexC,multidrug,20-11-30,1619.6174061277911
mexC,multidrug,20-12-04,1330.280484731263
mexC,multidrug,20-12-11,717.4069315327748
mexC,multidrug,20-12-18,1132.6494834161329
mexC,multidrug,20-12-21,1230.631260084362
mexC,multidrug,20-12-24,1154.452411087399
mexC,multidrug,20-12-28,774.347310049758
mexD,multidrug,20-10-12,8989.74446748216
mexD,multidrug,20-10-16,3914.551978129789
mexD,multidrug,20-10-19,2565.9064823285653
mexD,multidrug,20-11-02,3518.077992386061
mexD,multidrug,20-11-25,1655.5122034992496
mexD,multidrug,20-11-30,2776.000106500097
mexD,multidrug,20-12-04,1730.7158111824729
mexD,multidrug,20-12-11,1292.5262565019063
mexD,multidrug,20-12-18,1964.839156009452
mexD,multidrug,20-12-21,2069.3692227253814
mexD,multidrug,20-12-24,1547.4273174043449
mexD,multidrug,20-12-28,905.6290301529584
mexF,multidrug,20-10-12,32492.149592035592
mexF,multidrug,20-10-16,22052.151774810383
mexF,multidrug,20-10-19,32625.290579520322
mexF,multidrug,20-11-02,29023.60572994284
mexF,multidrug,20-11-25,14651.085217330972
mexF,multidrug,20-11-30,14305.78743235092
mexF,multidrug,20-12-04,18563.760056845065
mexF,multidrug,20-12-11,13452.608150733728
mexF,multidrug,20-12-18,14966.814625416204
mexF,multidrug,20-12-21,15883.11532784349
mexF,multidrug,20-12-24,19261.411904183664
mexF,multidrug,20-12-28,12410.815847005879
mexI,multidrug,20-10-12,606.608599974651
mexI,multidrug,20-10-16,360.6565080783054
mexI,multidrug,20-10-19,500.5930766835649
mexI,multidrug,20-11-02,815.4418063840629
mexI,multidrug,20-11-25,648.9907723076088
mexI,multidrug,20-11-30,1220.2166088885106
mexI,multidrug,20-12-04,588.8105562999832
mexI,multidrug,20-12-11,748.3749081142494
mexI,multidrug,20-12-18,1036.1936189476855
mexI,multidrug,20-12-21,573.9532201447547
mexI,multidrug,20-12-24,843.4057744078345
mexI,multidrug,20-12-28,498.017355930652
mexN,multidrug,20-10-12,3228.564758002673
mexN,multidrug,20-10-16,2268.739268110716
mexN,multidrug,20-10-19,2651.8077479090807
mexN,multidrug,20-11-02,885.2803894743892
mexN,multidrug,20-11-25,547.3103163417272
mexN,multidrug,20-11-30,538.6577122705093
mexN,multidrug,20-12-04,771.4857121671953
mexN,multidrug,20-12-11,371.6615985331133
mexN,multidrug,20-12-18,686.1327081427941
mexN,multidrug,20-12-21,920.8966806417212
mexN,multidrug,20-12-24,746.0877684348476
mexN,multidrug,20-12-28,176.66272097002738
mexQ,multidrug,20-10-12,581.6110524979827
mexQ,multidrug,20-10-16,822.369836573239
mexQ,multidrug,20-10-19,1114.276071492038
mexQ,multidrug,20-11-02,1037.789228018021
mexQ,multidrug,20-11-25,514.5501647900898
mexQ,multidrug,20-11-30,1324.9242116331077
mexQ,multidrug,20-12-04,1175.291449128797
mexQ,multidrug,20-12-11,426.6115660581703
mexQ,multidrug,20-12-18,635.3562838210313
mexQ,multidrug,20-12-21,560.8840766120468
mexQ,multidrug,20-12-24,579.5163905924325
mexQ,multidrug,20-12-28,570.1076969626303
mexT,multidrug,20-10-12,16461.580829127735
mexT,multidrug,20-10-16,4303.850255395782
mexT,multidrug,20-10-19,4997.5861673347135
mexT,multidrug,20-11-02,4932.170453570048
mexT,multidrug,20-11-25,5707.248782253568
mexT,multidrug,20-11-30,13558.871573300059
mexT,multidrug,20-12-04,4421.110863435557
mexT,multidrug,20-12-11,3249.536215457447
mexT,multidrug,20-12-18,4597.0891445567195
mexT,multidrug,20-12-21,4840.0229943251215
mexT,multidrug,20-12-24,4417.981924473528
mexT,multidrug,20-12-28,2718.2289863290066
mexW,multidrug,20-10-12,32025.41880923783
mexW,multidrug,20-10-16,4794.067755715949
mexW,multidrug,20-10-19,4915.711151110887
mexW,multidrug,20-11-02,3017.745601519481
mexW,multidrug,20-11-25,2930.269048429614
mexW,multidrug,20-11-30,5050.151245822595
mexW,multidrug,20-12-04,2540.7857613053284
mexW,multidrug,20-12-11,2612.769378765777
mexW,multidrug,20-12-18,4179.653214195367
mexW,multidrug,20-12-21,3869.8586950652057
mexW,multidrug,20-12-24,2980.1977317722503
mexW,multidrug,20-12-28,951.8232063604485
mexY,multidrug,20-10-12,1634.2038747107422
mexY,multidrug,20-10-16,1617.858969210414
mexY,multidrug,20-10-19,1328.1881849228537
mexY,multidrug,20-11-02,1083.073803045576
mexY,multidrug,20-11-25,566.7167518202559
mexY,multidrug,20-11-30,1101.4224170416528
mexY,multidrug,20-12-04,641.4851591763373
mexY,multidrug,20-12-11,593.6360342408282
mexY,multidrug,20-12-18,1200.404259943894
mexY,multidrug,20-12-21,1021.6603687015582
mexY,multidrug,20-12-24,726.6916388002494
mexY,multidrug,20-12-28,518.4223281758302
mphA,MLS,20-10-12,3540.8131913885163
mphA,MLS,20-10-16,2863.44737551137
mphA,MLS,20-10-19,1699.596722945701
mphA,MLS,20-11-02,3292.2441611173
mphA,MLS,20-11-25,1496.6705016637006
mphA,MLS,20-11-30,4728.378477105045
mphA,MLS,20-12-04,2258.2972594097964
mphA,MLS,20-12-11,1769.0389411523024
mphA,MLS,20-12-18,2833.18917805892
mphA,MLS,20-12-21,2698.153763133262
mphA,MLS,20-12-24,808.288220178591
mphA,MLS,20-12-28,1038.6441031425732
mphD,MLS,20-10-12,38563.390978241405
mphD,MLS,20-10-16,6296.206835943299
mphD,MLS,20-10-19,12526.139754980277
mphD,MLS,20-11-02,12183.092719425116
mphD,MLS,20-11-25,12612.462178808246
mphD,MLS,20-11-30,13846.356265268778
mphD,MLS,20-12-04,46847.06736178872
mphD,MLS,20-12-11,9726.055067601572
mphD,MLS,20-12-18,9718.662782964966
mphD,MLS,20-12-21,19114.812327741347
mphD,MLS,20-12-24,7499.967980155261
mphD,MLS,20-12-28,25734.835843413075
msbA,nitroimidazole,20-10-12,7158.213137083959
msbA,nitroimidazole,20-10-16,4460.263161654515
msbA,nitroimidazole,20-10-19,2726.929981762529
msbA,nitroimidazole,20-11-02,4187.966515295708
msbA,nitroimidazole,20-11-25,2855.6518140697917
msbA,nitroimidazole,20-11-30,8563.260164055113
msbA,nitroimidazole,20-12-04,3718.396360065293
msbA,nitroimidazole,20-12-11,3415.610465421381
msbA,nitroimidazole,20-12-18,5348.422113473289
msbA,nitroimidazole,20-12-21,4251.070591479852
msbA,nitroimidazole,20-12-24,3096.541515762469
msbA,nitroimidazole,20-12-28,1194.0945424605316
msrE,MLS,20-10-12,36205.06068409835
msrE,MLS,20-10-16,12164.419485432454
msrE,MLS,20-10-19,10276.119961121123
msrE,MLS,20-11-02,14173.100143008309
msrE,MLS,20-11-25,12663.732350266817
msrE,MLS,20-11-30,20223.271541284004
msrE,MLS,20-12-04,50041.25833173236
msrE,MLS,20-12-11,11228.158767066432
msrE,MLS,20-12-18,10123.246602456386
msrE,MLS,20-12-21,18531.88700096842
msrE,MLS,20-12-24,7366.14018101812
msrE,MLS,20-12-28,28552.27205164435
mtrA,multidrug,20-10-12,12561.00134676026
mtrA,multidrug,20-10-16,75160.39630505237
mtrA,multidrug,20-10-19,99569.6874602914
mtrA,multidrug,20-11-02,86404.36948949604
mtrA,multidrug,20-11-25,89609.06534900007
mtrA,multidrug,20-11-30,20886.070558012827
mtrA,multidrug,20-12-04,77422.3242113595
mtrA,multidrug,20-12-11,95652.008361342
mtrA,multidrug,20-12-18,74204.20371119841
mtrA,multidrug,20-12-21,85091.408625122
mtrA,multidrug,20-12-24,97622.95235829658
mtrA,multidrug,20-12-28,128703.46723142071
mtrD,multidrug,20-10-12,1942.7250194934056
mtrD,multidrug,20-10-16,2473.416251822918
mtrD,multidrug,20-10-19,1394.7027250921628
mtrD,multidrug,20-11-02,1079.052316304318
mtrD,multidrug,20-11-25,826.6595061016642
mtrD,multidrug,20-11-30,2549.734767948995
mtrD,multidrug,20-12-04,1099.4743294684324
mtrD,multidrug,20-12-11,1102.6695418402055
mtrD,multidrug,20-12-18,1665.5421777717168
mtrD,multidrug,20-12-21,1298.6704415764527
mtrD,multidrug,20-12-24,1143.8394675738275
mtrD,multidrug,20-12-28,802.7831937293053
multidrug_ABC_transporter,multidrug,20-10-12,4620.280150372052
multidrug_ABC_transporter,multidrug,20-10-16,10660.51935644387
multidrug_ABC_transporter,multidrug,20-10-19,7406.416780317662
multidrug_ABC_transporter,multidrug,20-11-02,6726.790331790409
multidrug_ABC_transporter,multidrug,20-11-25,3634.313648590054
multidrug_ABC_transporter,multidrug,20-11-30,7375.229329428845
multidrug_ABC_transporter,multidrug,20-12-04,4284.677830723221
multidrug_ABC_transporter,multidrug,20-12-11,3474.2808342391245
multidrug_ABC_transporter,multidrug,20-12-18,4849.597045317017
multidrug_ABC_transporter,multidrug,20-12-21,4541.010923692994
multidrug_ABC_transporter,multidrug,20-12-24,4989.536655828994
multidrug_ABC_transporter,multidrug,20-12-28,3325.1076345703564
ompR,multidrug,20-10-12,21008.036983685837
ompR,multidrug,20-10-16,39525.64105184232
ompR,multidrug,20-10-19,23553.50042629571
ompR,multidrug,20-11-02,20701.863059462536
ompR,multidrug,20-11-25,11865.54349599393
ompR,multidrug,20-11-30,31232.775155223255
ompR,multidrug,20-12-04,13257.695240964576
ompR,multidrug,20-12-11,11642.27192593644
ompR,multidrug,20-12-18,17082.625249989687
ompR,multidrug,20-12-21,17805.483501679533
ompR,multidrug,20-12-24,14829.651271353428
ompR,multidrug,20-12-28,13009.985622595857
oprA,multidrug,20-10-12,182.4187023755018
oprA,multidrug,20-10-16,79.835848553762
oprA,multidrug,20-10-19,166.21884880208634
oprA,multidrug,20-11-02,226.6848258491975
oprA,multidrug,20-11-25,170.76834671500526
oprA,multidrug,20-11-30,202.58270585995584
oprA,multidrug,20-12-04,99.8353632641644
oprA,multidrug,20-12-11,124.2466401285746
oprA,multidrug,20-12-18,445.2563318798983
oprA,multidrug,20-12-21,131.93836112537508
oprA,multidrug,20-12-24,131.2723566912581
oprA,multidrug,20-12-28,113.39218051584888
oprJ,multidrug,20-10-12,1964.8014401694668
oprJ,multidrug,20-10-16,515.9391712786869
oprJ,multidrug,20-10-19,119.354367820387
oprJ,multidrug,20-11-02,325.5445971223197
oprJ,multidrug,20-11-25,157.65577723510307
oprJ,multidrug,20-11-30,145.46563740221828
oprJ,multidrug,20-12-04,53.76550292455521
oprJ,multidrug,20-12-11,44.60799510171741
oprJ,multidrug,20-12-18,43.59801582990671
oprJ,multidrug,20-12-21,47.36953659848536
oprJ,multidrug,20-12-24,56.55650700781703
oprJ,multidrug,20-12-28,30.5332069409864
oprM,multidrug,20-10-12,5161.701069766032
oprM,multidrug,20-10-16,2716.668290987135
oprM,multidrug,20-10-19,2658.6658713214024
oprM,multidrug,20-11-02,1276.8482393411873
oprM,multidrug,20-11-25,1249.3862267749832
oprM,multidrug,20-11-30,4055.7153772199717
oprM,multidrug,20-12-04,1845.6876450527188
oprM,multidrug,20-12-11,1266.9807052948727
oprM,multidrug,20-12-18,1992.734073698223
oprM,multidrug,20-12-21,1681.4457562698153
oprM,multidrug,20-12-24,1264.982573747215
oprM,multidrug,20-12-28,419.0267567896399
oqxA,multidrug,20-10-12,150.3674571558266
oqxA,multidrug,20-10-16,421.1748336968873
oqxA,multidrug,20-10-19,219.22230824152712
oqxA,multidrug,20-11-02,348.7977826310568
oqxA,multidrug,20-11-25,64.34929683065432
oqxA,multidrug,20-11-30,356.242377311555
oqxA,multidrug,20-12-04,197.50592911061096
oqxA,multidrug,20-12-11,163.86610445528842
oqxA,multidrug,20-12-18,53.38532550600821
oqxA,multidrug,20-12-21,174.0105426066809
oqxA,multidrug,20-12-24,207.75859717157272
oqxA,multidrug,20-12-28,56.08140050385256
oqxB,multidrug,20-10-12,7919.028449626891
oqxB,multidrug,20-10-16,6676.282330532961
oqxB,multidrug,20-10-19,8231.02243541546
oqxB,multidrug,20-11-02,6950.733358158757
oqxB,multidrug,20-11-25,6276.2299900254175
oqxB,multidrug,20-11-30,11592.96078859163
oqxB,multidrug,20-12-04,6580.774782316635
oqxB,multidrug,20-12-11,8801.059813788888
oqxB,multidrug,20-12-18,11389.411252387426
oqxB,multidrug,20-12-21,10990.093058206156
oqxB,multidrug,20-12-24,8485.090413884482
oqxB,multidrug,20-12-28,6247.251018639118
patA,fluoroquinolone,20-10-12,281.9062935895322
patA,fluoroquinolone,20-10-16,179.4571030534563
patA,fluoroquinolone,20-10-19,186.81553224060573
patA,fluoroquinolone,20-11-02,382.1610487957666
patA,fluoroquinolone,20-11-25,603.2047128995249
patA,fluoroquinolone,20-11-30,1366.1120729947454
patA,fluoroquinolone,20-12-04,196.36096720272332
patA,fluoroquinolone,20-12-11,232.73736574809084
patA,fluoroquinolone,20-12-18,181.97432694221928
patA,fluoroquinolone,20-12-21,98.85816333596944
patA,fluoroquinolone,20-12-24,118.03097114674856
patA,fluoroquinolone,20-12-28,15.93036883877551
qacH,fluoroquinolone,20-10-12,14762.562172084105
qacH,fluoroquinolone,20-10-16,12270.985695276877
qacH,fluoroquinolone,20-10-19,4258.047716835428
qacH,fluoroquinolone,20-11-02,8446.562519930458
qacH,fluoroquinolone,20-11-25,7499.301836048147
qacH,fluoroquinolone,20-11-30,27363.26584647133
qacH,fluoroquinolone,20-12-04,7323.733371344819
qacH,fluoroquinolone,20-12-11,13695.86011771648
qacH,fluoroquinolone,20-12-18,12631.641343151348
qacH,fluoroquinolone,20-12-21,9627.538249205672
qacH,fluoroquinolone,20-12-24,8315.335084392556
qacH,fluoroquinolone,20-12-28,3168.8517473888583
rifampin_monooxygenase,rifamycin,20-10-12,4330.570313081467
rifampin_monooxygenase,rifamycin,20-10-16,20161.854894192853
rifampin_monooxygenase,rifamycin,20-10-19,8698.686523187996
rifampin_monooxygenase,rifamycin,20-11-02,2809.4713855417294
rifampin_monooxygenase,rifamycin,20-11-25,971.7921802483295
rifampin_monooxygenase,rifamycin,20-11-30,290.7857062651359
rifampin_monooxygenase,rifamycin,20-12-04,3931.962444419964
rifampin_monooxygenase,rifamycin,20-12-11,1338.7247309292302
rifampin_monooxygenase,rifamycin,20-12-18,828.7376593820601
rifampin_monooxygenase,rifamycin,20-12-21,1516.047475089743
rifampin_monooxygenase,rifamycin,20-12-24,2264.34849655169
rifampin_monooxygenase,rifamycin,20-12-28,3791.80928351553
rosA,fosmidomycin,20-10-12,4759.1665124741585
rosA,fosmidomycin,20-10-16,2397.319898593147
rosA,fosmidomycin,20-10-19,3976.5297687598863
rosA,fosmidomycin,20-11-02,3297.1829684389436
rosA,fosmidomycin,20-11-25,3755.476699409685
rosA,fosmidomycin,20-11-30,5168.93832866774
rosA,fosmidomycin,20-12-04,3092.7044997573867
rosA,fosmidomycin,20-12-11,3091.1149200317554
rosA,fosmidomycin,20-12-18,5639.7017426116045
rosA,fosmidomycin,20-12-21,3833.231776502488
rosA,fosmidomycin,20-12-24,3274.2123818318128
rosA,fosmidomycin,20-12-28,1631.7909788563395
rosB,fosmidomycin,20-10-12,10502.539104155725
rosB,fosmidomycin,20-10-16,10223.349448100373
rosB,fosmidomycin,20-10-19,8189.832146916471
rosB,fosmidomycin,20-11-02,10033.602045991125
rosB,fosmidomycin,20-11-25,7296.446166746963
rosB,fosmidomycin,20-11-30,9849.099684954543
rosB,fosmidomycin,20-12-04,6902.0588168735685
rosB,fosmidomycin,20-12-11,7440.325740272155
rosB,fosmidomycin,20-12-18,8737.709523898777
rosB,fosmidomycin,20-12-21,8413.10416576216
rosB,fosmidomycin,20-12-24,8279.393174581022
rosB,fosmidomycin,20-12-28,4589.650240192629
rphA,rifamycin,20-10-12,1007.3577822577868
rphA,rifamycin,20-10-16,1048.5599785802412
rphA,rifamycin,20-10-19,479.6226328117168
rphA,rifamycin,20-11-02,608.9864287969491
rphA,rifamycin,20-11-25,334.97301398682407
rphA,rifamycin,20-11-30,1249.7278779128224
rphA,rifamycin,20-12-04,506.6125910674024
rphA,rifamycin,20-12-11,890.0994865562088
rphA,rifamycin,20-12-18,628.2947315903414
rphA,rifamycin,20-12-21,393.83448442158726
rphA,rifamycin,20-12-24,391.8464688763305
rphA,rifamycin,20-12-28,228.4701858863647
rphB,rifamycin,20-10-12,1092.296393856924
rphB,rifamycin,20-10-16,792.8556756373041
rphB,rifamycin,20-10-19,679.7130099601699
rphB,rifamycin,20-11-02,1765.6656115108865
rphB,rifamycin,20-11-25,783.8253331462753
rphB,rifamycin,20-11-30,2524.6917406757884
rphB,rifamycin,20-12-04,889.4089975316251
rphB,rifamycin,20-12-11,1596.8150110987658
rphB,rifamycin,20-12-18,1395.1365065570146
rphB,rifamycin,20-12-21,1258.9056506173736
rphB,rifamycin,20-12-24,920.2414699577008
rphB,rifamycin,20-12-28,389.169010502064
rpoB2,multidrug,20-10-12,59227.86662894341
rpoB2,multidrug,20-10-16,109558.32995613458
rpoB2,multidrug,20-10-19,111710.7622182697
rpoB2,multidrug,20-11-02,108512.9995876513
rpoB2,multidrug,20-11-25,105183.37976978606
rpoB2,multidrug,20-11-30,108457.578249537
rpoB2,multidrug,20-12-04,92467.41902801234
rpoB2,multidrug,20-12-11,112674.50250284185
rpoB2,multidrug,20-12-18,116871.17295900012
rpoB2,multidrug,20-12-21,115035.88100243694
rpoB2,multidrug,20-12-24,114237.33597781869
rpoB2,multidrug,20-12-28,107178.6448975777
smeB,multidrug,20-10-12,269.4584832232412
smeB,multidrug,20-10-16,471.71581374051374
smeB,multidrug,20-10-19,531.9794679994392
smeB,multidrug,20-11-02,874.3197751285157
smeB,multidrug,20-11-25,1153.1393992053254
smeB,multidrug,20-11-30,232.74501984354924
smeB,multidrug,20-12-04,270.3636718491919
smeB,multidrug,20-12-11,224.3144896543504
smeB,multidrug,20-12-18,279.02730131140294
smeB,multidrug,20-12-21,368.12897013680055
smeB,multidrug,20-12-24,361.96164485002896
smeB,multidrug,20-12-28,104.6852809405248
smeE,multidrug,20-10-12,1585.43055690908
smeE,multidrug,20-10-16,2497.918754317562
smeE,multidrug,20-10-19,2187.5901421834624
smeE,multidrug,20-11-02,1707.4673393735502
smeE,multidrug,20-11-25,1926.3991224116344
smeE,multidrug,20-11-30,1408.54334775635
smeE,multidrug,20-12-04,4784.664928848026
smeE,multidrug,20-12-11,925.583760035635
smeE,multidrug,20-12-18,1467.5066999807214
smeE,multidrug,20-12-21,2555.4977669269333
smeE,multidrug,20-12-24,1877.6108378387669
smeE,multidrug,20-12-28,2857.9785632369976
smeF,multidrug,20-10-12,176.70591110731823
smeF,multidrug,20-10-16,441.91791972478535
smeF,multidrug,20-10-19,214.68451599384383
smeF,multidrug,20-11-02,250.95514981592095
smeF,multidrug,20-11-25,972.2668917282588
smeF,multidrug,20-11-30,224.2725030612359
smeF,multidrug,20-12-04,386.8353101209968
smeF,multidrug,20-12-11,91.6995188386482
smeF,multidrug,20-12-18,448.1166509283773
smeF,multidrug,20-12-21,194.75269864901904
smeF,multidrug,20-12-24,145.3272128680523
smeF,multidrug,20-12-28,203.99059026954504
smeR,multidrug,20-10-12,3331.6198333308357
smeR,multidrug,20-10-16,1974.0281335880195
smeR,multidrug,20-10-19,2304.0582309674705
smeR,multidrug,20-11-02,4246.233875508518
smeR,multidrug,20-11-25,1974.1245149438996
smeR,multidrug,20-11-30,3946.5459886514873
smeR,multidrug,20-12-04,1851.4034050542489
smeR,multidrug,20-12-11,1396.4241944885448
smeR,multidrug,20-12-18,3366.5250484310563
smeR,multidrug,20-12-21,1779.44694004745
smeR,multidrug,20-12-24,2360.619422934971
smeR,multidrug,20-12-28,2198.39089975102
sul1,sulfonamide,20-10-12,22344.847197622534
sul1,sulfonamide,20-10-16,35924.457557092326
sul1,sulfonamide,20-10-19,19699.558107933008
sul1,sulfonamide,20-11-02,36444.333221462184
sul1,sulfonamide,20-11-25,23306.614909336266
sul1,sulfonamide,20-11-30,41924.09724192988
sul1,sulfonamide,20-12-04,26126.736037341292
sul1,sulfonamide,20-12-11,21651.162501926752
sul1,sulfonamide,20-12-18,22989.38281835353
sul1,sulfonamide,20-12-21,18381.341254480514
sul1,sulfonamide,20-12-24,26447.268051140316
sul1,sulfonamide,20-12-28,14662.203009024195
sul2,sulfonamide,20-10-12,27065.30980385692
sul2,sulfonamide,20-10-16,16299.39319645125
sul2,sulfonamide,20-10-19,8375.455292032693
sul2,sulfonamide,20-11-02,10653.418779530582
sul2,sulfonamide,20-11-25,4609.658538535021
sul2,sulfonamide,20-11-30,12518.09827748501
sul2,sulfonamide,20-12-04,4529.138992035629
sul2,sulfonamide,20-12-11,5931.782878058824
sul2,sulfonamide,20-12-18,10630.976385929154
sul2,sulfonamide,20-12-21,10719.611396335442
sul2,sulfonamide,20-12-24,5727.080199251783
sul2,sulfonamide,20-12-28,2358.1355672069767
tap,tetracycline,20-10-12,1868.9574674782737
tap,tetracycline,20-10-16,11778.513763825633
tap,tetracycline,20-10-19,24767.48686380128
tap,tetracycline,20-11-02,24630.22781154721
tap,tetracycline,20-11-25,49096.316188726734
tap,tetracycline,20-11-30,6130.844425147152
tap,tetracycline,20-12-04,41103.07130895752
tap,tetracycline,20-12-11,57133.04972637523
tap,tetracycline,20-12-18,46549.92051146331
tap,tetracycline,20-12-21,49412.20344497614
tap,tetracycline,20-12-24,58167.67774403971
tap,tetracycline,20-12-28,75299.35659065894
tet39,tetracycline,20-10-12,2947.2021602542004
tet39,tetracycline,20-10-16,1250.7616273422714
tet39,tetracycline,20-10-19,831.8637757178486
tet39,tetracycline,20-11-02,887.8489012426902
tet39,tetracycline,20-11-25,350.34617163356245
tet39,tetracycline,20-11-30,3526.439694599231
tet39,tetracycline,20-12-04,684.2882190397936
tet39,tetracycline,20-12-11,702.9138622088805
tet39,tetracycline,20-12-18,898.3833564950472
tet39,tetracycline,20-12-21,459.3409609550096
tet39,tetracycline,20-12-24,514.1500637074274
tet39,tetracycline,20-12-28,222.05968684353743
tet43,tetracycline,20-10-12,181.3662867848739
tet43,tetracycline,20-10-16,873.1278283177779
tet43,tetracycline,20-10-19,440.69305041373656
tet43,tetracycline,20-11-02,525.879733812978
tet43,tetracycline,20-11-25,533.6041691034259
tet43,tetracycline,20-11-30,402.8279189599891
tet43,tetracycline,20-12-04,223.33362753276785
tet43,tetracycline,20-12-11,535.2959412206089
tet43,tetracycline,20-12-18,160.97728921811708
tet43,tetracycline,20-12-21,262.3543565454574
tet43,tetracycline,20-12-24,548.1630679219189
tet43,tetracycline,20-12-28,70.46124678689168
tetA,tetracycline,20-10-12,8998.179788866975
tetA,tetracycline,20-10-16,6456.176735145129
tetA,tetracycline,20-10-19,4860.588941618725
tetA,tetracycline,20-11-02,4061.8042474620975
tetA,tetracycline,20-11-25,3432.3900134485175
tetA,tetracycline,20-11-30,8878.289882578498
tetA,tetracycline,20-12-04,10995.715650916158
tetA,tetracycline,20-12-11,1695.949727216732
tetA,tetracycline,20-12-18,2712.608373781084
tetA,tetracycline,20-12-21,4664.677153435687
tetA,tetracycline,20-12-24,2356.455617770733
tetA,tetracycline,20-12-28,5313.838229257826
tetA(48),tetracycline,20-10-12,2124.727138787912
tetA(48),tetracycline,20-10-16,11278.670255859666
tetA(48),tetracycline,20-10-19,9201.389054060066
tetA(48),tetracycline,20-11-02,9028.18446670619
tetA(48),tetracycline,20-11-25,2456.4969941283507
tetA(48),tetracycline,20-11-30,3450.58023605262
tetA(48),tetracycline,20-12-04,2963.3544635161825
tetA(48),tetracycline,20-12-11,2365.2611356259467
tetA(48),tetracycline,20-12-18,1460.0265766294335
tetA(48),tetracycline,20-12-21,2181.2019177907214
tetA(48),tetracycline,20-12-24,1815.069294669477
tetA(48),tetracycline,20-12-28,3024.917710897721
tetB(48),tetracycline,20-10-12,433.4120823903236
tetB(48),tetracycline,20-10-16,1213.9745206557338
tetB(48),tetracycline,20-10-19,2527.504259725842
tetB(48),tetracycline,20-11-02,2297.961862039904
tetB(48),tetracycline,20-11-25,834.648232421134
tetB(48),tetracycline,20-11-30,1283.520330019573
tetB(48),tetracycline,20-12-04,1091.1234417042087
tetB(48),tetracycline,20-12-11,865.919904915691
tetB(48),tetracycline,20-12-18,230.81302498185903
tetB(48),tetracycline,20-12-21,501.5597992780803
tetB(48),tetracycline,20-12-24,648.7364039131952
tetB(48),tetracycline,20-12-28,889.0551432816627
tetC,tetracycline,20-10-12,356.3367851188958
tetC,tetracycline,20-10-16,103.96759118965984
tetC,tetracycline,20-10-19,144.30754799442255
tetC,tetracycline,20-11-02,295.2041686751513
tetC,tetracycline,20-11-25,63.53885228618764
tetC,tetracycline,20-11-30,615.572470618959
tetC,tetracycline,20-12-04,97.50922444755604
tetC,tetracycline,20-12-11,215.7363994843764
tetC,tetracycline,20-12-18,52.71296624270836
tetC,tetracycline,20-12-21,114.54598270666484
tetC,tetracycline,20-12-24,136.76132676953236
tetC,tetracycline,20-12-28,73.8334475147278
tetG,tetracycline,20-10-12,1586.6929799426798
tetG,tetracycline,20-10-16,25254.47447392994
tetG,tetracycline,20-10-19,2220.010160320751
tetG,tetracycline,20-11-02,12472.544288202367
tetG,tetracycline,20-11-25,4941.880221488163
tetG,tetracycline,20-11-30,2263.6954946642013
tetG,tetracycline,20-12-04,4215.3773543187035
tetG,tetracycline,20-12-11,4583.301355249966
tetG,tetracycline,20-12-18,3549.692226040274
tetG,tetracycline,20-12-21,1570.412297138611
tetG,tetracycline,20-12-24,7036.337688781135
tetG,tetracycline,20-12-28,2764.988488271928
tetV,tetracycline,20-10-12,1282.4482523300082
tetV,tetracycline,20-10-16,10872.518742897888
tetV,tetracycline,20-10-19,18914.927197371406
tetV,tetracycline,20-11-02,17510.37750462222
tetV,tetracycline,20-11-25,30971.724943731293
tetV,tetracycline,20-11-30,2798.5144021466435
tetV,tetracycline,20-12-04,23982.94716482547
tetV,tetracycline,20-12-11,31073.38374762395
tetV,tetracycline,20-12-18,22285.90145533078
tetV,tetracycline,20-12-21,24905.128027336268
tetV,tetracycline,20-12-24,30478.07517336947
tetV,tetracycline,20-12-28,32755.311590014047
tetW,tetracycline,20-10-12,331.5602430285976
tetW,tetracycline,20-10-16,257.96958563934345
tetW,tetracycline,20-10-19,156.65260776425794
tetW,tetracycline,20-11-02,305.1980598021747
tetW,tetracycline,20-11-25,98.53486077193942
tetW,tetracycline,20-11-30,327.29768415499115
tetW,tetracycline,20-12-04,80.6482543868328
tetW,tetracycline,20-12-11,66.91199265257612
tetW,tetracycline,20-12-18,196.1910712345802
tetW,tetracycline,20-12-21,71.05430489772804
tetW,tetracycline,20-12-24,42.41738025586277
tetW,tetracycline,20-12-28,22.899905205739795
tetX,tetracycline,20-10-12,1060.6897234848025
tetX,tetracycline,20-10-16,1485.4803903139568
tetX,tetracycline,20-10-19,1178.2024998207867
tetX,tetracycline,20-11-02,903.8256166892166
tetX,tetracycline,20-11-25,2626.2453380037737
tetX,tetracycline,20-11-30,1705.201302195669
tetX,tetracycline,20-12-04,1525.8898516377624
tetX,tetracycline,20-12-11,825.6492666641783
tetX,tetracycline,20-12-18,2044.287426060407
tetX,tetracycline,20-12-21,1636.623578107052
tetX,tetracycline,20-12-24,1256.1650913818487
tetX,tetracycline,20-12-28,320.2454609748701
transcriptional_regulatory_protein_CpxR_cpxR,unclassified,20-10-12,8620.967792229898
transcriptional_regulatory_protein_CpxR_cpxR,unclassified,20-10-16,4876.355772646146
transcriptional_regulatory_protein_CpxR_cpxR,unclassified,20-10-19,7850.738853276288
transcriptional_regulatory_protein_CpxR_cpxR,unclassified,20-11-02,8729.916861551683
transcriptional_regulatory_protein_CpxR_cpxR,unclassified,20-11-25,7312.867795629749
transcriptional_regulatory_protein_CpxR_cpxR,unclassified,20-11-30,16551.311327088064
transcriptional_regulatory_protein_CpxR_cpxR,unclassified,20-12-04,7016.663187361621
transcriptional_regulatory_protein_CpxR_cpxR,unclassified,20-12-11,8177.508384535023
transcriptional_regulatory_protein_CpxR_cpxR,unclassified,20-12-18,8628.191178010897
transcriptional_regulatory_protein_CpxR_cpxR,unclassified,20-12-21,8084.604115159389
transcriptional_regulatory_protein_CpxR_cpxR,unclassified,20-12-24,5181.339718534446
transcriptional_regulatory_protein_CpxR_cpxR,unclassified,20-12-28,2439.971295428482
ugd,peptide,20-10-12,12304.000792423703
ugd,peptide,20-10-16,14112.063707982592
ugd,peptide,20-10-19,6921.939686447123
ugd,peptide,20-11-02,4318.277946404035
ugd,peptide,20-11-25,6938.475337442069
ugd,peptide,20-11-30,12295.398863200351
ugd,peptide,20-12-04,4013.753740177592
ugd,peptide,20-12-11,6440.06427998059
ugd,peptide,20-12-18,4196.1689271766245
ugd,peptide,20-12-21,3857.7555769666224
ugd,peptide,20-12-24,2896.158405130373
ugd,peptide,20-12-28,1507.0374634111538
vanR,glycopeptide,20-10-12,1622.5107279111498
vanR,glycopeptide,20-10-16,7320.209371705648
vanR,glycopeptide,20-10-19,10353.441500442312
vanR,glycopeptide,20-11-02,8748.306390444664
vanR,glycopeptide,20-11-25,15190.084886589695
vanR,glycopeptide,20-11-30,5738.892489030605
vanR,glycopeptide,20-12-04,8304.840669728772
vanR,glycopeptide,20-12-11,18275.867785763756
vanR,glycopeptide,20-12-18,13322.776588448643
vanR,glycopeptide,20-12-21,6929.226545362481
vanR,glycopeptide,20-12-24,5840.68479634554
vanR,glycopeptide,20-12-28,4695.328931959339
vanS,glycopeptide,20-10-12,340.7170127461503
vanS,glycopeptide,20-10-16,2266.5535848081045
vanS,glycopeptide,20-10-19,1407.415666783754
vanS,glycopeptide,20-11-02,1975.8487108580096
vanS,glycopeptide,20-11-25,3462.959268747929
vanS,glycopeptide,20-11-30,1109.9112217972722
vanS,glycopeptide,20-12-04,2088.463466202376
vanS,glycopeptide,20-12-11,3094.1961920266413
vanS,glycopeptide,20-12-18,2903.1742332978333
vanS,glycopeptide,20-12-21,1117.15438914347
vanS,glycopeptide,20-12-24,1412.2780940680318
vanS,glycopeptide,20-12-28,1058.9551540226496
vatF,MLS,20-10-12,1274.4657990288435
vatF,MLS,20-10-16,743.6961027440532
vatF,MLS,20-10-19,387.0952469850389
vatF,MLS,20-11-02,439.925131246378
vatF,MLS,20-11-25,1022.63206855202
vatF,MLS,20-11-30,786.3007427146935
vatF,MLS,20-12-04,871.8730203981926
vatF,MLS,20-12-11,964.4971913884846
vatF,MLS,20-12-18,1036.9257819004838
vatF,MLS,20-12-21,614.5237180344046
vatF,MLS,20-12-24,489.1373579054445
vatF,MLS,20-12-28,165.0443618431697
