timepoint,abundance,is_anomaly,ARG
20-09-21,0.0003905114545716,anomaly,AAC(6')-Ib7
20-09-28,0.0002622275560508,normal,AAC(6')-Ib7
20-10-12,0.000130526074771,normal,AAC(6')-Ib7
20-10-16,5.141043376189244e-05,normal,AAC(6')-Ib7
20-10-19,2.218777951644028e-05,normal,AAC(6')-Ib7
20-11-02,0.0001772575801443,normal,AAC(6')-Ib7
20-11-25,6.183630151898802e-05,normal,AAC(6')-Ib7
20-11-30,0.0001146078602424,normal,AAC(6')-Ib7
20-12-04,8.418922775314354e-05,normal,AAC(6')-Ib7
20-12-11,0.0001645412464803,normal,AAC(6')-Ib7
20-12-18,0.0001412066075028,normal,AAC(6')-Ib7
20-12-21,0.0001142939055009,normal,AAC(6')-Ib7
20-12-24,0.000119941602176,normal,AAC(6')-Ib7
20-12-28,4.021195293561578e-05,normal,AAC(6')-Ib7
21-03-26,7.203775905422068e-05,normal,AAC(6')-Ib7
21-03-29,0.0001998654249077,normal,AAC(6')-Ib7
21-04-09,3.1197694298673654e-05,normal,AAC(6')-Ib7
21-05-21,0.000213215887085,normal,AAC(6')-Ib7
21-08-02,0.0003065250886075,normal,AAC(6')-Ib7
21-08-06,0.0002945302621049,normal,AAC(6')-Ib7
20-09-21,0.0002612223399977,anomaly,AxyY
20-09-28,0.000242738701191,normal,AxyY
20-10-12,0.0010026132907204,anomaly,AxyY
20-10-16,0.0009657887413204,normal,AxyY
20-10-19,0.0011281828311294,normal,AxyY
20-11-02,0.0006067880579703,anomaly,AxyY
20-11-25,0.0005834052080214,normal,AxyY
20-11-30,0.0005262903970979,normal,AxyY
20-12-04,0.0006045097768431,normal,AxyY
20-12-11,0.00057699549913,normal,AxyY
20-12-18,0.0004951681035569,normal,AxyY
20-12-21,0.0005248486865101,normal,AxyY
20-12-24,0.0005557905791084,normal,AxyY
20-12-28,0.000760451855659,anomaly,AxyY
21-03-26,0.0005774039884422,normal,AxyY
21-03-29,0.0004473272481111,normal,AxyY
21-04-09,0.0004376028401052,normal,AxyY
21-05-21,0.0002058080693412,anomaly,AxyY
21-08-02,0.0001498995038615,normal,AxyY
21-08-06,0.0001488186631266,normal,AxyY
20-09-21,0.00088601214453,anomaly,Mrx
20-09-28,0.0007992157043087,normal,Mrx
20-10-12,0.0015318641269131,normal,Mrx
20-10-16,0.0011414859021708,normal,Mrx
20-10-19,0.0007319281068571,normal,Mrx
20-11-02,0.0007496607909253,normal,Mrx
20-11-25,0.0006014940322089,normal,Mrx
20-11-30,0.0015995150276934,anomaly,Mrx
20-12-04,0.0007655172234599,anomaly,Mrx
20-12-11,0.0005219104912573,normal,Mrx
20-12-18,0.0007614215857358,normal,Mrx
20-12-21,0.0007008919241294,normal,Mrx
20-12-24,0.0005135998146449,normal,Mrx
20-12-28,0.0002933622619733,normal,Mrx
21-03-26,0.0008987568034383,normal,Mrx
21-03-29,0.0006135055220552,normal,Mrx
21-04-09,0.0007124858417072,normal,Mrx
21-05-21,0.0006763022084294,normal,Mrx
21-08-02,0.0008241153022197,normal,Mrx
21-08-06,0.0008021443282627,normal,Mrx
20-09-21,0.003227647567838,anomaly,OXA-10
20-09-28,0.0026077022548867,normal,OXA-10
20-10-12,0.0004596482740592,anomaly,OXA-10
20-10-16,0.000271563178339,normal,OXA-10
20-10-19,0.000187522523655,normal,OXA-10
20-11-02,0.0002808960846642,normal,OXA-10
20-11-25,0.0001306541209514,normal,OXA-10
20-11-30,0.0006861067332255,normal,OXA-10
20-12-04,0.0003557673817955,normal,OXA-10
20-12-11,0.0002172873315416,normal,OXA-10
20-12-18,0.0003729448706225,normal,OXA-10
20-12-21,0.0003622379424345,normal,OXA-10
20-12-24,0.0001267124990731,normal,OXA-10
20-12-28,0.000106204956342,normal,OXA-10
21-03-26,0.0002536813558092,normal,OXA-10
21-03-29,0.002261328579627,anomaly,OXA-10
21-04-09,6.591770892139111e-05,anomaly,OXA-10
21-05-21,0.0014778746351275,anomaly,OXA-10
21-08-02,0.0029915624431156,anomaly,OXA-10
21-08-06,0.0024517023361288,normal,OXA-10
20-09-21,0.0021323869803591,anomaly,OXA-11
20-09-28,0.0019075015724391,normal,OXA-11
20-10-12,0.0005336740260613,anomaly,OXA-11
20-10-16,0.0001513430746698,normal,OXA-11
20-10-19,0.0001741782242189,normal,OXA-11
20-11-02,0.0001449484581704,normal,OXA-11
20-11-25,0.0002831654856075,normal,OXA-11
20-11-30,0.0008247187346284,normal,OXA-11
20-12-04,0.0001652253009087,normal,OXA-11
20-12-11,0.0002825549120271,normal,OXA-11
20-12-18,0.0005888897282938,normal,OXA-11
20-12-21,3.7384523397320656e-05,normal,OXA-11
20-12-24,0.000117695504757,normal,OXA-11
20-12-28,0.0001775651404909,normal,OXA-11
21-03-26,0.0001649403871478,normal,OXA-11
21-03-29,0.0017904097855753,anomaly,OXA-11
21-04-09,9.184040344103929e-05,anomaly,OXA-11
21-05-21,0.0012961624969153,normal,OXA-11
21-08-02,0.0020052327893929,normal,OXA-11
21-08-06,0.0019184597403157,normal,OXA-11
20-09-21,0.0014035527786554,anomaly,OXA-12
20-09-28,0.0013244750308492,normal,OXA-12
20-10-12,0.0001290484210943,anomaly,OXA-12
20-10-16,0.0001016568577027,normal,OXA-12
20-10-19,0.0001096829855341,normal,OXA-12
20-11-02,0.0001460424087981,normal,OXA-12
20-11-25,0.000142651291806,normal,OXA-12
20-11-30,0.0004154715134826,normal,OXA-12
20-12-04,0.0008046160408407,normal,OXA-12
20-12-11,0.0002033481442351,anomaly,OXA-12
20-12-18,6.980402106745801e-05,normal,OXA-12
20-12-21,7.533334148743104e-05,normal,OXA-12
20-12-24,8.893782953810399e-05,normal,OXA-12
20-12-28,1.987836163987044e-05,normal,OXA-12
21-03-26,0.0001661852202584,normal,OXA-12
21-03-29,0.0004653227165897,normal,OXA-12
21-04-09,0.0004318231799529,normal,OXA-12
21-05-21,0.0013110863705613,anomaly,OXA-12
21-08-02,0.0013276694943031,normal,OXA-12
21-08-06,0.0010844539097622,normal,OXA-12
20-09-21,0.0009431931620076,anomaly,OXA-129
20-09-28,0.0007467784748405,normal,OXA-129
20-10-12,0.0004253461640548,normal,OXA-129
20-10-16,0.0003015567234093,normal,OXA-129
20-10-19,0.0001952193436558,normal,OXA-129
20-11-02,8.664456342878192e-05,normal,OXA-129
20-11-25,6.045190670886142e-05,normal,OXA-129
20-11-30,0.0002614313627918,normal,OXA-129
20-12-04,8.230439429598362e-05,normal,OXA-129
20-12-11,0.0001608574872308,normal,OXA-129
20-12-18,0.0002415792147017,normal,OXA-129
20-12-21,7.449005781406429e-05,normal,OXA-129
20-12-24,8.794225681939387e-05,normal,OXA-129
20-12-28,9.8279213331449e-05,normal,OXA-129
21-03-26,9.38999645383374e-05,normal,OXA-129
21-03-29,0.0021682078738664,anomaly,OXA-129
21-04-09,0.0001524961922808,anomaly,OXA-129
21-05-21,0.0003609612242041,normal,OXA-129
21-08-02,0.0006135948202297,normal,OXA-129
21-08-06,0.0006999830766007,normal,OXA-129
20-09-21,0.0056085168547207,anomaly,OXA-161
20-09-28,0.0047187741308765,normal,OXA-161
20-10-12,0.0009705906308758,anomaly,OXA-161
20-10-16,0.000341618606954,normal,OXA-161
20-10-19,0.0007582432478226,normal,OXA-161
20-11-02,0.0014583075313327,normal,OXA-161
20-11-25,0.0002934983876444,normal,OXA-161
20-11-30,0.0013417978226934,normal,OXA-161
20-12-04,0.0006127104908701,normal,OXA-161
20-12-11,0.0003123899027381,normal,OXA-161
20-12-18,0.0005361758139964,normal,OXA-161
20-12-21,0.000433985554221,normal,OXA-161
20-12-24,0.0002846440196569,normal,OXA-161
20-12-28,0.0003435499457325,normal,OXA-161
21-03-26,0.0005014802453967,normal,OXA-161
21-03-29,0.0043576082075718,anomaly,OXA-161
21-04-09,0.0001480760127944,anomaly,OXA-161
21-05-21,0.0030755016247204,normal,OXA-161
21-08-02,0.0041290981397732,normal,OXA-161
21-08-06,0.0043577525936432,normal,OXA-161
20-09-21,0.00087008601947,anomaly,OXA-240
20-09-28,0.000861452323037,normal,OXA-240
20-10-12,0.000192122649382,anomaly,OXA-240
20-10-16,5.044769155661355e-05,normal,OXA-240
20-10-19,2.1772278027368364e-05,normal,OXA-240
20-11-02,8.696907490229796e-05,normal,OXA-240
20-11-25,0.0001011305305741,normal,OXA-240
20-11-30,0.0003373849368934,normal,OXA-240
20-12-04,0.0001376877507573,normal,OXA-240
20-12-11,0.0001210949622973,normal,OXA-240
20-12-18,0.0001385622890103,normal,OXA-240
20-12-21,7.476904679464131e-05,normal,OXA-240
20-12-24,5.8847752378520746e-05,normal,OXA-240
20-12-28,3.945892010910612e-05,normal,OXA-240
21-03-26,9.425164979878062e-05,normal,OXA-240
21-03-29,0.0007402047523403,anomaly,OXA-240
21-04-09,3.061346781367976e-05,anomaly,OXA-240
21-05-21,0.0006327722425886,anomaly,OXA-240
21-08-02,0.0007877700244043,normal,OXA-240
21-08-06,0.0006876556991261,normal,OXA-240
20-09-21,0.0006728724953452,anomaly,OpmH
20-09-28,0.0005813430777226,normal,OpmH
20-10-12,0.0061480573700463,anomaly,OpmH
20-10-16,0.0004461957315317,anomaly,OpmH
20-10-19,0.0003490326061406,normal,OpmH
20-11-02,0.0001121775024102,normal,OpmH
20-11-25,0.0001229898005367,normal,OpmH
20-11-30,0.0001243364777785,normal,OpmH
20-12-04,0.0004262333849531,normal,OpmH
20-12-11,0.0001338813868877,normal,OpmH
20-12-18,3.829827242831547e-05,normal,OpmH
20-12-21,4.133195754486383e-05,normal,OpmH
20-12-24,6.506149020730864e-05,normal,OpmH
20-12-28,1.0906347483572808e-05,normal,OpmH
21-03-26,6.51273045969835e-05,normal,OpmH
21-03-29,0.0003637168969401,normal,OpmH
21-04-09,0.0001523067560171,normal,OpmH
21-05-21,0.0004485253458661,normal,OpmH
21-08-02,0.0004275576213763,normal,OpmH
21-08-06,0.0005922356558996,normal,OpmH
20-09-21,0.0012542141396915,anomaly,YojI
20-09-28,0.001346381629822,normal,YojI
20-10-12,0.0001768136061527,anomaly,YojI
20-10-16,2.4579440959152957e-05,normal,YojI
20-10-19,5.3040129865943005e-05,normal,YojI
20-11-02,8.474723722231225e-05,normal,YojI
20-11-25,0.0001379656654328,normal,YojI
20-11-30,0.0002557065884241,normal,YojI
20-12-04,0.0001207531624342,normal,YojI
20-12-11,3.93337651257829e-05,normal,YojI
20-12-18,3.3755594129336445e-05,normal,YojI
20-12-21,7.28588886648512e-05,normal,YojI
20-12-24,4.300825698466707e-05,normal,YojI
20-12-28,2.883813413083394e-05,normal,YojI
21-03-26,8.036329081839461e-05,normal,YojI
21-03-29,0.001587464197245,anomaly,YojI
21-04-09,2.983137192062955e-05,anomaly,YojI
21-05-21,0.0010964656411596,anomaly,YojI
21-08-02,0.0012910384988538,normal,YojI
21-08-06,0.0010876788335273,normal,YojI
20-09-21,0.004736045891993499,anomaly,aadA
20-09-28,0.00469007000721808,normal,aadA
20-10-12,0.0013018795028255474,anomaly,aadA
20-10-16,0.0003792099386435734,normal,aadA
20-10-19,0.0006055703705940908,normal,aadA
20-11-02,0.001013199111473385,normal,aadA
20-11-25,0.00040972168001274006,normal,aadA
20-11-30,0.0013849988457956001,normal,aadA
20-12-04,0.0007505870080355745,normal,aadA
20-12-11,0.0006502699815749529,normal,aadA
20-12-18,0.000496070517667086,normal,aadA
20-12-21,0.0007948260606867837,normal,aadA
20-12-24,0.00042286478425842454,normal,aadA
20-12-28,0.0002819488554145768,normal,aadA
21-03-26,0.00044804250687508943,normal,aadA
21-03-29,0.0058166660271112,anomaly,aadA
21-04-09,0.0004916147711134561,anomaly,aadA
21-05-21,0.0029215167132909,anomaly,aadA
21-08-02,0.004108393525643577,normal,aadA
21-08-06,0.0038905399555026,normal,aadA
20-09-21,0.007532574812000451,anomaly,acrB
20-09-28,0.007754663050569534,normal,acrB
20-10-12,0.008529940047710662,normal,acrB
20-10-16,0.004313981889511697,normal,acrB
20-10-19,0.005674339347809163,normal,acrB
20-11-02,0.0046609357472130585,normal,acrB
20-11-25,0.005325804461711555,normal,acrB
20-11-30,0.0038052309302380473,normal,acrB
20-12-04,0.005398392484856816,normal,acrB
20-12-11,0.004411372124911743,normal,acrB
20-12-18,0.004130074697192834,normal,acrB
20-12-21,0.004181233621408896,normal,acrB
20-12-24,0.005493791785503565,normal,acrB
20-12-28,0.0033494976413566764,normal,acrB
21-03-26,0.004873396672027381,normal,acrB
21-03-29,0.008631449615691207,normal,acrB
21-04-09,0.005887364400807887,normal,acrB
21-05-21,0.006885410148203015,normal,acrB
21-08-02,0.007122348588356695,normal,acrB
21-08-06,0.007069582503802689,normal,acrB
20-09-21,0.0015504229793464,anomaly,acrD
20-09-28,0.0016403226614994,normal,acrD
20-10-12,0.0003843686916025,anomaly,acrD
20-10-16,0.0001167878639793,normal,acrD
20-10-19,0.0002128145788686,normal,acrD
20-11-02,0.0002535341239444,normal,acrD
20-11-25,0.0002237147632989,normal,acrD
20-11-30,0.0003567786118144,normal,acrD
20-12-04,0.0001345838072431,normal,acrD
20-12-11,0.0001868922250485,normal,acrD
20-12-18,0.0002049400329509,normal,acrD
20-12-21,7.693000190431302e-05,normal,acrD
20-12-24,0.0002119199406463,normal,acrD
20-12-28,0.0001370228107256,normal,acrD
21-03-26,0.0001818294111002,normal,acrD
21-03-29,0.0021155498702084,anomaly,acrD
21-04-09,0.0006772123775893,anomaly,acrD
21-05-21,0.0012942451840416,anomaly,acrD
21-08-02,0.0013963358220275,normal,acrD
21-08-06,0.0015022197927547,normal,acrD
20-09-21,0.0004666200969006,anomaly,acrF
20-09-28,0.0005861886967408,normal,acrF
20-10-12,0.0001978659494118,anomaly,acrF
20-10-16,0.000142878370397,normal,acrF
20-10-19,0.0002802892108634,normal,acrF
20-11-02,0.0001716737669479,normal,acrF
20-11-25,0.000411407190241,normal,acrF
20-11-30,0.0001158235656066,normal,acrF
20-12-04,0.0001488939669231,normal,acrF
20-12-11,6.23574829959374e-05,normal,acrF
20-12-18,0.0001248664021987,normal,acrF
20-12-21,0.0001540083741112,normal,acrF
20-12-24,0.0001287897531562,normal,acrF
20-12-28,5.587794038594246e-05,normal,acrF
21-03-26,0.0001152696768151,normal,acrF
21-03-29,0.0007590745468576,anomaly,acrF
21-04-09,9.458587355354866e-05,anomaly,acrF
21-05-21,0.0005058467561272,normal,acrF
21-08-02,0.0004978551859324,normal,acrF
21-08-06,0.0005247443525196,normal,acrF
20-09-21,0.000651769226152644,anomaly,adeB
20-09-28,0.0007583629291911055,normal,adeB
20-10-12,0.0008277522479258909,normal,adeB
20-10-16,0.0009710390668563353,normal,adeB
20-10-19,0.0007935554943114052,normal,adeB
20-11-02,0.0005655351554539692,normal,adeB
20-11-25,0.0002075323022228085,normal,adeB
20-11-30,0.00026934643711357673,normal,adeB
20-12-04,0.0003462069741362454,normal,adeB
20-12-11,0.0002900534819119165,normal,adeB
20-12-18,0.0002577437337504192,normal,adeB
20-12-21,0.00027810475649357795,normal,adeB
20-12-24,0.0007246563123976289,normal,adeB
20-12-28,0.0005364888301828322,normal,adeB
21-03-26,0.00041109321557810947,normal,adeB
21-03-29,0.0012210740925645365,anomaly,adeB
21-04-09,0.0007146492220631944,normal,adeB
21-05-21,0.000499396364664747,normal,adeB
21-08-02,0.0005406215764749878,normal,adeB
21-08-06,0.0005311179072831288,normal,adeB
20-09-21,0.0028408172176024,anomaly,adeC
20-09-28,0.0032421863825382,normal,adeC
20-10-12,0.0008913015092046,anomaly,adeC
20-10-16,0.0007760225145622,normal,adeC
20-10-19,0.0007774853604217,normal,adeC
20-11-02,0.0004937195013486,normal,adeC
20-11-25,0.0001333424773495,normal,adeC
20-11-30,0.0005148707027352,normal,adeC
20-12-04,0.0003025730819111,normal,adeC
20-12-11,0.0002439340907183,normal,adeC
20-12-18,0.0005328660867495,normal,adeC
20-12-21,0.0006161523300669,normal,adeC
20-12-24,0.0005172790085618,normal,adeC
20-12-28,0.0001409073165624,normal,adeC
21-03-26,0.0007119781261806,normal,adeC
21-03-29,0.0066872270218293,anomaly,adeC
21-04-09,0.0001681851009516,anomaly,adeC
21-05-21,0.0041071290745677,anomaly,adeC
21-08-02,0.0023370510723996,anomaly,adeC
21-08-06,0.0022612417724799,normal,adeC
20-09-21,0.0025921278878772,anomaly,adeI
20-09-28,0.0031733608091545,normal,adeI
20-10-12,0.0007107463000321,anomaly,adeI
20-10-16,0.0004845155987631,normal,adeI
20-10-19,0.0005576209336505,normal,adeI
20-11-02,0.0003341114100563,normal,adeI
20-11-25,5.180211350271738e-05,normal,adeI
20-11-30,0.0007920859789417,normal,adeI
20-12-04,0.0004584308708668,normal,adeI
20-12-11,0.0003359877011463,normal,adeI
20-12-18,0.000377058890778,normal,adeI
20-12-21,0.0005266107684313,normal,adeI
20-12-24,0.0002637564728907,normal,adeI
20-12-28,0.0001263253197737,normal,adeI
21-03-26,0.0004827854291851,normal,adeI
21-03-29,0.0062017806892421,anomaly,adeI
21-04-09,0.000176412861286,anomaly,adeI
21-05-21,0.0037934394902784,anomaly,adeI
21-08-02,0.0022101869527075,anomaly,adeI
21-08-06,0.0020611029488874,normal,adeI
20-09-21,0.0036747338282411,anomaly,adeJ
20-09-28,0.0042789912987086,normal,adeJ
20-10-12,0.00091495614893,anomaly,adeJ
20-10-16,0.0009920902968442,normal,adeJ
20-10-19,0.0009167177572826,normal,adeJ
20-11-02,0.000518940117382,normal,adeJ
20-11-25,0.0003212684900448,normal,adeJ
20-11-30,0.0008411791265763,normal,adeJ
20-12-04,0.0007776042490362,normal,adeJ
20-12-11,0.000488496391817,normal,adeJ
20-12-18,0.0005240245207613,normal,adeJ
20-12-21,0.0009331304126169,normal,adeJ
20-12-24,0.0006676635928497,normal,adeJ
20-12-28,0.0001939970420661,normal,adeJ
21-03-26,0.0007010133329934,normal,adeJ
21-03-29,0.0084363555658798,anomaly,adeJ
21-04-09,0.0002392707016938,anomaly,adeJ
21-05-21,0.0050280037293071,anomaly,adeJ
21-08-02,0.003213971858515,anomaly,adeJ
21-08-06,0.0030415996599543,normal,adeJ
20-09-21,0.0006044412336659,anomaly,ant(3'')-Ih-aac(6')-IId
20-09-28,0.0005633027288667,normal,ant(3'')-Ih-aac(6')-IId
20-10-12,0.0001596881503843,anomaly,ant(3'')-Ih-aac(6')-IId
20-10-16,2.902916733968926e-05,normal,ant(3'')-Ih-aac(6')-IId
20-10-19,6.264222234167406e-05,normal,ant(3'')-Ih-aac(6')-IId
20-11-02,5.004470473903784e-05,normal,ant(3'')-Ih-aac(6')-IId
20-11-25,5.8193645826059125e-05,normal,ant(3'')-Ih-aac(6')-IId
20-11-30,0.0001725704562271,normal,ant(3'')-Ih-aac(6')-IId
20-12-04,0.0001584596097077,normal,ant(3'')-Ih-aac(6')-IId
20-12-11,0.0002787271977016,normal,ant(3'')-Ih-aac(6')-IId
20-12-18,3.9866520652750806e-05,normal,ant(3'')-Ih-aac(6')-IId
20-12-21,8.604885988866047e-05,normal,ant(3'')-Ih-aac(6')-IId
20-12-24,5.079423454223611e-05,normal,ant(3'')-Ih-aac(6')-IId
20-12-28,2.270588721795546e-05,normal,ant(3'')-Ih-aac(6')-IId
21-03-26,6.779415543177378e-05,normal,ant(3'')-Ih-aac(6')-IId
21-03-29,0.0005569942590969,anomaly,ant(3'')-Ih-aac(6')-IId
21-04-09,5.284781835939114e-05,anomaly,ant(3'')-Ih-aac(6')-IId
21-05-21,0.000402290320176,normal,ant(3'')-Ih-aac(6')-IId
21-08-02,0.0005192429302706,normal,ant(3'')-Ih-aac(6')-IId
21-08-06,0.000430106989474,normal,ant(3'')-Ih-aac(6')-IId
20-09-21,0.0005429428844237,anomaly,aph(3')-I
20-09-28,0.0006037783413604,normal,aph(3')-I
20-10-12,0.0001576495782518,anomaly,aph(3')-I
20-10-16,0.0002292686577977,normal,aph(3')-I
20-10-19,0.00019789611007,normal,aph(3')-I
20-11-02,4.940583616790118e-05,normal,aph(3')-I
20-11-25,1.1490149643953802e-05,normal,aph(3')-I
20-11-30,6.38877859223799e-05,normal,aph(3')-I
20-12-04,6.257468842928683e-05,normal,aph(3')-I
20-12-11,4.5861496359423466e-05,normal,aph(3')-I
20-12-18,1.967879317327274e-05,normal,aph(3')-I
20-12-21,2.1237590951243866e-05,normal,aph(3')-I
20-12-24,5.014579750552672e-05,normal,aph(3')-I
20-12-28,5.604006206984752e-05,normal,aph(3')-I
21-03-26,9.37001773797452e-05,normal,aph(3')-I
21-03-29,0.001135707498899,anomaly,aph(3')-I
21-04-09,8.695527559843082e-05,anomaly,aph(3')-I
21-05-21,0.0010059319750101,anomaly,aph(3')-I
21-08-02,0.0004963408273684,anomaly,aph(3')-I
21-08-06,0.000472739438303,normal,aph(3')-I
20-09-21,0.0038527322442263,anomaly,aph(6)-I
20-09-28,0.0035954261427771,normal,aph(6)-I
20-10-12,0.0015358054697611999,anomaly,aph(6)-I
20-10-16,0.00033030664302220996,normal,aph(6)-I
20-10-19,0.00040866508661627985,normal,aph(6)-I
20-11-02,0.0007894316225757,normal,aph(6)-I
20-11-25,0.0002485675795667747,normal,aph(6)-I
20-11-30,0.0015539329658809,normal,aph(6)-I
20-12-04,0.0005917688538025001,normal,aph(6)-I
20-12-11,0.0005747307452059367,normal,aph(6)-I
20-12-18,0.00048737441315,normal,aph(6)-I
20-12-21,0.0009120111004587001,normal,aph(6)-I
20-12-24,0.0006599495980062341,normal,aph(6)-I
20-12-28,0.00039190191303746947,normal,aph(6)-I
21-03-26,0.0007125249817236,normal,aph(6)-I
21-03-29,0.003945848833188201,anomaly,aph(6)-I
21-04-09,0.0002919864242132112,anomaly,aph(6)-I
21-05-21,0.0030889310257240996,anomaly,aph(6)-I
21-08-02,0.0037617597384781995,normal,aph(6)-I
21-08-06,0.0037332745062636,normal,aph(6)-I
20-09-21,0.001373509900019,anomaly,baeR
20-09-28,0.0016670822384407,normal,baeR
20-10-12,0.0002837994322822,anomaly,baeR
20-10-16,0.0001676705433064,normal,baeR
20-10-19,0.0001206057724752,normal,baeR
20-11-02,0.000513875363738,normal,baeR
20-11-25,0.0004033471617753,normal,baeR
20-11-30,0.000581440707288,normal,baeR
20-12-04,0.000152542030922,normal,baeR
20-12-11,0.0002683182982024,normal,baeR
20-12-18,0.0002302663765503,normal,baeR
20-12-21,0.0001242531254823,normal,baeR
20-12-24,0.0003259823627606,normal,baeR
20-12-28,0.000109289747605,normal,baeR
21-03-26,0.0002088397551558,normal,baeR
21-03-29,0.0016050763972176,anomaly,baeR
21-04-09,0.0002713293246888,anomaly,baeR
21-05-21,0.001068517791385,normal,baeR
21-08-02,0.0014122805801524,normal,baeR
21-08-06,0.0013249436887366,normal,baeR
20-09-21,0.005482227770001,anomaly,cAMP-regulatory_protein
20-09-28,0.0054645780339043,normal,cAMP-regulatory_protein
20-10-12,0.0033765631506722,normal,cAMP-regulatory_protein
20-10-16,0.0003191832617444,anomaly,cAMP-regulatory_protein
20-10-19,0.0011846802086834,normal,cAMP-regulatory_protein
20-11-02,0.0011371927850968,normal,cAMP-regulatory_protein
20-11-25,0.0007166368213954,normal,cAMP-regulatory_protein
20-11-30,0.0018974571490375,normal,cAMP-regulatory_protein
20-12-04,0.0012544593936297,normal,cAMP-regulatory_protein
20-12-11,0.0006640136084267,normal,cAMP-regulatory_protein
20-12-18,0.0007451827367509,normal,cAMP-regulatory_protein
20-12-21,0.0007569037154187,normal,cAMP-regulatory_protein
20-12-24,0.001042525584791,normal,cAMP-regulatory_protein
20-12-28,0.000624142871394,normal,cAMP-regulatory_protein
21-03-26,0.0005068817990955,normal,cAMP-regulatory_protein
21-03-29,0.0038987355183725,anomaly,cAMP-regulatory_protein
21-04-09,0.0009684592305986,anomaly,cAMP-regulatory_protein
21-05-21,0.0043264266349441,anomaly,cAMP-regulatory_protein
21-08-02,0.0054735931191574,normal,cAMP-regulatory_protein
21-08-06,0.0046219446573143,normal,cAMP-regulatory_protein
20-09-21,0.0113382613646568,anomaly,class_A
20-09-28,0.0093741877835311,normal,class_A
20-10-12,0.002125273767420679,anomaly,class_A
20-10-16,0.0008606975587092103,normal,class_A
20-10-19,0.0005981090975271751,normal,class_A
20-11-02,0.0006323254109459412,normal,class_A
20-11-25,0.0007243506385864,normal,class_A
20-11-30,0.0031203430630099,normal,class_A
20-12-04,0.0009327047635003,normal,class_A
20-12-11,0.0011285706318088,normal,class_A
20-12-18,0.0011418268748623,normal,class_A
20-12-21,0.0007396781410855,normal,class_A
20-12-24,0.0004958251162074,normal,class_A
20-12-28,0.0004816064510672,normal,class_A
21-03-26,0.0008448405335828,normal,class_A
21-03-29,0.0075543468590985,anomaly,class_A
21-04-09,0.0005488179472241459,anomaly,class_A
21-05-21,0.0056436596211836,anomaly,class_A
21-08-02,0.010463888915733927,anomaly,class_A
21-08-06,0.0100843053919658,normal,class_A
20-09-21,0.0002624770102186,anomaly,cmeB
20-09-28,0.0002553824563335,normal,cmeB
20-10-12,0.000279233014904,normal,cmeB
20-10-16,2.5878066562182163e-05,anomaly,cmeB
20-10-19,5.025819798248432e-05,normal,cmeB
20-11-02,4.461237848014132e-05,normal,cmeB
20-11-25,4.150140505405023e-05,normal,cmeB
20-11-30,8.653388871330995e-05,normal,cmeB
20-12-04,0.0001271330125148,normal,cmeB
20-12-11,0.0001242357538266,normal,cmeB
20-12-18,0.0001243866081461,normal,cmeB
20-12-21,2.876561310399024e-05,anomaly,cmeB
20-12-24,6.79208208288114e-05,normal,cmeB
20-12-28,3.03617627352488e-05,normal,cmeB
21-03-26,0.0001269137849235,normal,cmeB
21-03-29,0.0001281898473781,normal,cmeB
21-04-09,5.496308486432996e-05,normal,cmeB
21-05-21,0.0002172672936693,anomaly,cmeB
21-08-02,0.0002645025054431,normal,cmeB
21-08-06,0.0002377198438653,normal,cmeB
20-09-21,0.0015295851178759,anomaly,cpxA
20-09-28,0.0016174765219253,normal,cpxA
20-10-12,0.0001617801348872,anomaly,cpxA
20-10-16,2.940946210833148e-05,normal,cpxA
20-10-19,5.077029024722579e-05,normal,cpxA
20-11-02,6.760041629960278e-05,normal,cpxA
20-11-25,0.0001532856207959,normal,cpxA
20-11-30,0.0002403929062727,normal,cpxA
20-12-04,9.632129987477558e-05,normal,cpxA
20-12-11,0.0001882524304709,normal,cpxA
20-12-18,2.019439474113141e-05,normal,cpxA
20-12-21,2.1794034382280817e-05,normal,cpxA
20-12-24,1.715322039854262e-05,normal,cpxA
20-12-28,1.1501672127872636e-05,normal,cpxA
21-03-26,5.494583077789176e-05,normal,cpxA
21-03-29,0.0022424117992745,anomaly,cpxA
21-04-09,0.0001427737276201,anomaly,cpxA
21-05-21,0.0013744010989624,anomaly,cpxA
21-08-02,0.0012608385896749,normal,cpxA
21-08-06,0.0014524719295193,normal,cpxA
20-09-21,0.0021965048406124,anomaly,emrB
20-09-28,0.0025755037163791,normal,emrB
20-10-12,0.0008302623155053001,anomaly,emrB
20-10-16,0.0009015042203758,normal,emrB
20-10-19,0.0005721651804435,normal,emrB
20-11-02,0.00039615440811790006,normal,emrB
20-11-25,0.00018072105443933835,normal,emrB
20-11-30,0.0006501965614541,normal,emrB
20-12-04,0.0007092003319519,normal,emrB
20-12-11,0.0004879554878398,normal,emrB
20-12-18,0.000509789208976844,normal,emrB
20-12-21,0.0008842028516117,normal,emrB
20-12-24,0.0006031315408636936,normal,emrB
20-12-28,0.00020739235569151236,normal,emrB
21-03-26,0.0007802199809375,normal,emrB
21-03-29,0.0051506848052893,anomaly,emrB
21-04-09,0.00016090149421755688,anomaly,emrB
21-05-21,0.0034598955980885,anomaly,emrB
21-08-02,0.0020476381622168,anomaly,emrB
21-08-06,0.0017390320607479,normal,emrB
20-09-21,0.0005469340118795,anomaly,eptA
20-09-28,0.0005887012794363,normal,eptA
20-10-12,0.0001456112050669,anomaly,eptA
20-10-16,9.83177638366118e-05,normal,eptA
20-10-19,6.36481558391316e-05,normal,eptA
20-11-02,4.237361861115613e-05,normal,eptA
20-11-25,0.0001084015942686,normal,eptA
20-11-30,0.000109588537896,normal,eptA
20-12-04,1.3417018048250373e-05,normal,eptA
20-12-11,1.966688256289145e-05,normal,eptA
20-12-18,1.6877797064668223e-05,normal,eptA
20-12-21,7.28588886648512e-05,normal,eptA
20-12-24,4.300825698466707e-05,normal,eptA
20-12-28,9.612711376944648e-06,normal,eptA
21-03-26,2.296094023382703e-05,normal,eptA
21-03-29,0.0007613663237272,anomaly,eptA
21-04-09,2.983137192062955e-05,anomaly,eptA
21-05-21,0.0004724001628579,anomaly,eptA
21-08-02,0.0004396509482583,normal,eptA
21-08-06,0.00060939148932,normal,eptA
20-09-21,0.0014741871936098,anomaly,ermF
20-09-28,0.0018403754173973,normal,ermF
20-10-12,0.0004482861818914,anomaly,ermF
20-10-16,0.0001513430746698,normal,ermF
20-10-19,0.0003265841704105,normal,ermF
20-11-02,0.0002029278414386,normal,ermF
20-11-25,0.000222487167263,normal,ermF
20-11-30,0.0001499488608415,normal,ermF
20-12-04,0.0002753755015146,normal,ermF
20-12-11,0.0001614599497298,normal,ermF
20-12-18,0.000242484005768,normal,ermF
20-12-21,0.0004486142807678,normal,ermF
20-12-24,0.000235391009514,normal,ermF
20-12-28,0.0001183767603273,normal,ermF
21-03-26,0.0003298807742957,normal,ermF
21-03-29,0.0009046946973048,normal,ermF
21-04-09,3.061346781367976e-05,anomaly,ermF
21-05-21,0.0011175574284427,anomaly,ermF
21-08-02,0.0009453240292852,normal,ermF
21-08-06,0.0013802944105648,normal,ermF
20-09-21,0.002023109876292659,anomaly,macB
20-09-28,0.0024390916579847305,normal,macB
20-10-12,0.003438911770818858,normal,macB
20-10-16,0.0014338787092491726,anomaly,macB
20-10-19,0.0017040676309756997,normal,macB
20-11-02,0.0016601755315255923,normal,macB
20-11-25,0.0016237422179991006,normal,macB
20-11-30,0.0022391049580140496,normal,macB
20-12-04,0.001825953602673931,normal,macB
20-12-11,0.00159582096628546,normal,macB
20-12-18,0.0021829739193271742,normal,macB
20-12-21,0.0022173282722016295,normal,macB
20-12-24,0.00164938213228161,normal,macB
20-12-28,0.001146020410970572,normal,macB
21-03-26,0.0020190967634463306,normal,macB
21-03-29,0.003596209264449641,normal,macB
21-04-09,0.001916327599591838,anomaly,macB
21-05-21,0.001778927908135387,normal,macB
21-08-02,0.0019079703520917123,normal,macB
21-08-06,0.001925478291952218,normal,macB
20-09-21,0.0032738405016582,anomaly,major_facilitator_superfamily_transporter
20-09-28,0.0034602881916103,normal,major_facilitator_superfamily_transporter
20-10-12,0.0004790644511531,anomaly,major_facilitator_superfamily_transporter
20-10-16,0.0006967000161525,normal,major_facilitator_superfamily_transporter
20-10-19,0.0007767635570367,normal,major_facilitator_superfamily_transporter
20-11-02,0.0001834972507098,normal,major_facilitator_superfamily_transporter
20-11-25,0.0001047485624869,normal,major_facilitator_superfamily_transporter
20-11-30,0.0004529974475961,normal,major_facilitator_superfamily_transporter
20-12-04,0.000427840946211,normal,major_facilitator_superfamily_transporter
20-12-11,0.0002090453982762,normal,major_facilitator_superfamily_transporter
20-12-18,0.0005780645494648,normal,major_facilitator_superfamily_transporter
20-12-21,0.0004302442994433,normal,major_facilitator_superfamily_transporter
20-12-24,0.0004232852878519,normal,major_facilitator_superfamily_transporter
20-12-28,0.0001248823796987,normal,major_facilitator_superfamily_transporter
21-03-26,0.0005965885677996,normal,major_facilitator_superfamily_transporter
21-03-29,0.0068186290672458,anomaly,major_facilitator_superfamily_transporter
21-04-09,7.046375781252152e-05,anomaly,major_facilitator_superfamily_transporter
21-05-21,0.0045191591441674,anomaly,major_facilitator_superfamily_transporter
21-08-02,0.0028599570921254,anomaly,major_facilitator_superfamily_transporter
21-08-06,0.0025892440766338,normal,major_facilitator_superfamily_transporter
20-09-21,0.0029043974505176,anomaly,marR
20-09-28,0.0036423517869642,normal,marR
20-10-12,0.0009192965481184,anomaly,marR
20-10-16,0.0004345010853424,normal,marR
20-10-19,0.0008626036088133,normal,marR
20-11-02,0.0001997483268723,normal,marR
20-11-25,0.0001742054946018,normal,marR
20-11-30,0.0001937242540872,normal,marR
20-12-04,0.0002371782545303,normal,marR
20-12-11,6.953194609331945e-05,normal,marR
20-12-18,0.0001790135378988,normal,marR
20-12-21,0.0002575914257312,normal,marR
20-12-24,0.0001013699992584,normal,marR
20-12-28,6.797117205891183e-05,normal,marR
21-03-26,0.0002029450846473,normal,marR
21-03-29,0.0075304966193845,anomaly,marR
21-04-09,5.273416713711288e-05,anomaly,marR
21-05-21,0.004975328139671,anomaly,marR
21-08-02,0.0026153040739815,anomaly,marR
21-08-06,0.0024635048419045,normal,marR
20-09-21,0.0012888334715043,anomaly,mdfA
20-09-28,0.001508128236995,normal,mdfA
20-10-12,0.0002641295935813,anomaly,mdfA
20-10-16,0.0002628201686949,normal,mdfA
20-10-19,0.0002552135809744,normal,mdfA
20-11-02,0.0001321505699125,normal,mdfA
20-11-25,1.317163495770314e-05,normal,mdfA
20-11-30,0.0001952992480228,normal,mdfA
20-12-04,0.0001972628897435,normal,mdfA
20-12-11,0.0001840052719786,normal,mdfA
20-12-18,0.0001804689325158,normal,mdfA
20-12-21,0.0004625650907185,normal,mdfA
20-12-24,0.0002874210344828,normal,mdfA
20-12-28,7.708925611559512e-05,normal,mdfA
21-03-26,0.0001841355402166,normal,mdfA
21-03-29,0.0029045745581986,anomaly,mdfA
21-04-09,5.980826272867681e-05,anomaly,mdfA
21-05-21,0.002003874190185,anomaly,mdfA
21-08-02,0.0012405543829988,anomaly,mdfA
21-08-06,0.001207152963238,normal,mdfA
20-09-21,0.0007682668977262,anomaly,mdsB
20-09-28,0.0007906234231739,normal,mdsB
20-10-12,0.000269869251815,anomaly,mdsB
20-10-16,0.0001530628823365,normal,mdsB
20-10-19,0.0001761575222214,normal,mdsB
20-11-02,0.0001612551597146,normal,mdsB
20-11-25,0.0001994454952402,normal,mdsB
20-11-30,0.0003696537613501,normal,mdsB
20-12-04,0.0001949533380041,normal,mdsB
20-12-11,0.0001837065621215,normal,mdsB
20-12-18,0.0003240664898515,normal,mdsB
20-12-21,0.0001417850532256,normal,mdsB
20-12-24,0.0002603845861634,normal,mdsB
20-12-28,0.0001446640238659,normal,mdsB
21-03-26,0.000137026368706,normal,mdsB
21-03-29,0.000735819312374,anomaly,mdsB
21-04-09,0.0002476907850379,anomaly,mdsB
21-05-21,0.0008283389937002,anomaly,mdsB
21-08-02,0.0008691512252725,normal,mdsB
21-08-06,0.0007811438051256,normal,mdsB
20-09-21,0.0004335339029567,anomaly,mdtD
20-09-28,0.0004936332291318,normal,mdtD
20-10-12,0.0001086795495445,anomaly,mdtD
20-10-16,2.85371475542708e-05,normal,mdtD
20-10-19,2.4632195903844715e-05,normal,mdtD
20-11-02,3.2797659602985246e-05,normal,mdtD
20-11-25,5.720731284595643e-05,normal,mdtD
20-11-30,4.241138331005446e-05,normal,mdtD
20-12-04,1.5577385361104243e-05,normal,mdtD
20-12-11,6.850075197752869e-05,normal,mdtD
20-12-18,1.959540845643684e-05,normal,mdtD
20-12-21,2.114760115907757e-05,normal,mdtD
20-12-24,3.328887687513779e-05,normal,mdtD
20-12-28,1.116052083594421e-05,normal,mdtD
21-03-26,6.664510194987931e-05,normal,mdtD
21-03-29,0.0007372291356697,anomaly,mdtD
21-04-09,0.0001731736420816,anomaly,mdtD
21-05-21,0.0004503182997591,anomaly,mdtD
21-08-02,0.0004537264023456,normal,mdtD
21-08-06,0.0005017428880599,normal,mdtD
20-09-21,0.00015075167338439387,anomaly,mdtF
20-09-28,0.00013669355512495679,normal,mdtF
20-10-12,0.00021414827103563675,normal,mdtF
20-10-16,6.488214665518216e-05,anomaly,mdtF
20-10-19,8.960613847101892e-05,normal,mdtF
20-11-02,0.00014913771996733174,normal,mdtF
20-11-25,4.6824020225360873e-05,normal,mdtF
20-11-30,7.714132147339384e-05,normal,mdtF
20-12-04,7.083358275954916e-05,normal,mdtF
20-12-11,6.229740834950585e-05,normal,mdtF
20-12-18,8.019392593732532e-05,normal,mdtF
20-12-21,9.616250238039128e-06,normal,mdtF
20-12-24,7.568569308798188e-05,normal,mdtF
20-12-28,7.612378373649807e-05,normal,mdtF
21-03-26,4.242686259005805e-05,normal,mdtF
21-03-29,0.00015947991329263683,normal,mdtF
21-04-09,0.00010236931289140892,normal,mdtF
21-05-21,0.00011157286069324269,normal,mdtF
21-08-02,0.00011421216486240931,normal,mdtF
21-08-06,0.00013458453774675818,normal,mdtF
20-09-21,0.000966856165058,anomaly,mdtK
20-09-28,0.0010095338641363,normal,mdtK
20-10-12,0.0001715169022647,normal,mdtK
20-10-16,9.353842809455428e-05,normal,mdtK
20-10-19,0.0002825860252302,normal,mdtK
20-11-02,8.958619984148748e-05,normal,mdtK
20-11-25,3.750257175457144e-05,normal,mdtK
20-11-30,0.0001158459081154,normal,mdtK
20-12-04,0.0002893355095775,normal,mdtK
20-12-11,9.979121893022695e-05,normal,mdtK
20-12-18,0.0001926881831549,normal,mdtK
20-12-21,0.0005776428094377,normal,mdtK
20-12-24,0.0003455262127502,normal,mdtK
20-12-28,8.535731676379552e-05,normal,mdtK
21-03-26,0.0004223324793934,normal,mdtK
21-03-29,0.0020410987882376,anomaly,mdtK
21-04-09,3.784164771413193e-05,anomaly,mdtK
21-05-21,0.0010944167320712,anomaly,mdtK
21-08-02,0.0005488529033665,normal,mdtK
21-08-06,0.0007145085988102,normal,mdtK
20-09-21,0.0024280398761094,anomaly,mefC
20-09-28,0.0026576528075207,normal,mefC
20-10-12,0.0005587880978759,anomaly,mefC
20-10-16,0.0001320542514276,normal,mefC
20-10-19,0.0002422165930544,normal,mefC
20-11-02,0.0002466255383871,normal,mefC
20-11-25,0.000145598219753,normal,mefC
20-11-30,0.0005151735678544,normal,mefC
20-12-04,9.010448395148532e-05,normal,mefC
20-12-11,0.000158491935948,normal,mefC
20-12-18,0.0001586843861276,normal,mefC
20-12-21,7.339461578738687e-05,normal,mefC
20-12-24,5.776599222450382e-05,normal,mefC
20-12-28,3.873357231298284e-05,normal,mefC
21-03-26,0.0001541984711781,normal,mefC
21-03-29,0.0022729477378143,anomaly,mefC
21-04-09,6.010144048715071e-05,anomaly,mefC
21-05-21,0.0018233476254952,anomaly,mefC
21-08-02,0.0028213330459583,anomaly,mefC
21-08-06,0.0022174404790662,normal,mefC
20-09-21,0.0016723455338547,anomaly,mel
20-09-28,0.0017506446213475,normal,mel
20-10-12,0.0001284754602083,anomaly,mel
20-10-16,0.0001104060134886,normal,mel
20-10-19,0.0001905966633871,normal,mel
20-11-02,0.0002061951222581,normal,mel
20-11-25,3.31989979466698e-05,normal,mel
20-11-30,0.0003281667692187,normal,mel
20-12-04,7.533325707419265e-05,normal,mel
20-12-11,0.0001104247094719,normal,mel
20-12-18,5.6858808144087216e-05,normal,mel
20-12-21,0.0001022711859332,normal,mel
20-12-24,9.659231486720312e-05,normal,mel
20-12-28,3.238380636003484e-05,normal,mel
21-03-26,5.156801331203776e-05,normal,mel
21-03-29,0.0025683922569909,anomaly,mel
21-04-09,5.024874532532273e-05,anomaly,mel
21-05-21,0.0015691103597533,anomaly,mel
21-08-02,0.0015046290063735,normal,mel
21-08-06,0.0015840158832018,normal,mel
20-09-21,0.0030590982479418907,anomaly,mexB
20-09-28,0.0033590446537537276,normal,mexB
20-10-12,0.010103461610976552,anomaly,mexB
20-10-16,0.0019455277869023337,anomaly,mexB
20-10-19,0.0022123460290590646,normal,mexB
20-11-02,0.0012065391292253385,normal,mexB
20-11-25,0.0011080437143845654,normal,mexB
20-11-30,0.0021302319238921687,normal,mexB
20-12-04,0.0022689568943383967,normal,mexB
20-12-11,0.0011521697089305883,normal,mexB
20-12-18,0.0010347457987683658,normal,mexB
20-12-21,0.001280857490532408,normal,mexB
20-12-24,0.0013300706116395383,normal,mexB
20-12-28,0.0007860944308344683,normal,mexB
21-03-26,0.0012996712650337275,normal,mexB
21-03-29,0.004972503183597631,anomaly,mexB
21-04-09,0.0013921274850776978,anomaly,mexB
21-05-21,0.0033660275773745637,normal,mexB
21-08-02,0.0024781012874011,normal,mexB
21-08-06,0.002707489753158607,normal,mexB
20-09-21,0.0071936420759571,anomaly,mexT
20-09-28,0.008492648242987899,normal,mexT
20-10-12,0.0079588247074311,normal,mexT
20-10-16,0.0014044983170465,anomaly,mexT
20-10-19,0.0020284105509562,normal,mexT
20-11-02,0.0019544798255252,normal,mexT
20-11-25,0.0024437145236056957,normal,mexT
20-11-30,0.003887284548109656,normal,mexT
20-12-04,0.0025191441165609,normal,mexT
20-12-11,0.0016356241815120313,normal,mexT
20-12-18,0.0020317547443486,normal,mexT
20-12-21,0.002124761365934214,normal,mexT
20-12-24,0.0025570620081207,normal,mexT
20-12-28,0.0019540192492151927,normal,mexT
21-03-26,0.0015314137286604604,normal,mexT
21-03-29,0.01662215302191668,anomaly,mexT
21-04-09,0.0009367584280041,anomaly,mexT
21-05-21,0.009162264335527399,anomaly,mexT
21-08-02,0.0069520699317212,normal,mexT
21-08-06,0.0067786924117434,normal,mexT
20-09-21,0.0003993134448423,anomaly,mexY
20-09-28,0.000446924785134,normal,mexY
20-10-12,0.0007901028649699,anomaly,mexY
20-10-16,0.0005279645119218,normal,mexY
20-10-19,0.0005390824365495,normal,mexY
20-11-02,0.0004291915531985,normal,mexY
20-11-25,0.0002426552635133,normal,mexY
20-11-30,0.0003157742382587,normal,mexY
20-12-04,0.0003655175394865,normal,mexY
20-12-11,0.0002988012406209,normal,mexY
20-12-18,0.0005305372538109,normal,mexY
20-12-21,0.0004485070593814,normal,mexY
20-12-24,0.000420598276082,normal,mexY
20-12-28,0.000372671770323,normal,mexY
21-03-26,0.0004811699903685,normal,mexY
21-03-29,0.0009915484849828,anomaly,mexY
21-04-09,0.0007032902787406,normal,mexY
21-05-21,0.0002774501187955,anomaly,mexY
21-08-02,0.000292486836803,normal,mexY
21-08-06,0.0002925495087104,normal,mexY
20-09-21,0.0007156795626469,anomaly,mtrD
20-09-28,0.0009775246327969,normal,mtrD
20-10-12,0.0009392662858678,normal,mtrD
20-10-16,0.0008071630649058,normal,mtrD
20-10-19,0.0005660792287115,normal,mtrD
20-11-02,0.0004275979516029,normal,mtrD
20-11-25,0.0003539568570094,normal,mtrD
20-11-30,0.0007310006966025,normal,mtrD
20-12-04,0.0006264792659458,normal,mtrD
20-12-11,0.0005550185771962,normal,mtrD
20-12-18,0.0007361121603672,normal,mtrD
20-12-21,0.0005701139818091,normal,mtrD
20-12-24,0.0006620372142583,normal,mtrD
20-12-28,0.0005770867065956,normal,mtrD
21-03-26,0.0005890728112423,normal,mtrD
21-03-29,0.0021510223572283,anomaly,mtrD
21-04-09,0.0009643242361309,anomaly,mtrD
21-05-21,0.0007156960243794,normal,mtrD
21-08-02,0.0006946699306111,normal,mtrD
21-08-06,0.0007001132299074,normal,mtrD
20-09-21,0.0002118687928068,anomaly,oprA
20-09-28,0.0002571113511056,normal,oprA
20-10-12,8.819556825276111e-05,anomaly,oprA
20-10-16,2.605325656792228e-05,normal,oprA
20-10-19,6.746458297842189e-05,normal,oprA
20-11-02,8.982879303254761e-05,normal,oprA
20-11-25,7.311913409788783e-05,normal,oprA
20-11-30,5.807980538398173e-05,normal,oprA
20-12-04,5.688608039026076e-05,normal,oprA
20-12-11,6.253840412648654e-05,normal,oprA
20-12-18,0.0001967879317327,normal,oprA
20-12-21,5.792070259430144e-05,normal,oprA
20-12-24,7.597848106897987e-05,normal,oprA
20-12-28,8.151281755614185e-05,normal,oprA
21-03-26,4.8675416820646857e-05,normal,oprA
21-03-29,0.0008233552638739,anomaly,oprA
21-04-09,6.324020043522241e-05,anomaly,oprA
21-05-21,0.0002213735548882,normal,oprA
21-08-02,0.0001553376657933,normal,oprA
21-08-06,0.0001492590496547,normal,oprA
20-09-21,0.0027149604431740896,anomaly,oprM
20-09-28,0.0029612591879332817,normal,oprM
20-10-12,0.002495572839136746,normal,oprM
20-10-16,0.0008865447950660121,anomaly,oprM
20-10-19,0.0010790941315037329,normal,oprM
20-11-02,0.0005059788885120447,normal,oprM
20-11-25,0.0005349588539852309,normal,oprM
20-11-30,0.0011627604577685439,normal,oprM
20-12-04,0.0010516707939846027,normal,oprM
20-12-11,0.0006377230908311228,normal,oprM
20-12-18,0.0008807196861202,normal,oprM
20-12-21,0.0007381516546562598,normal,oprM
20-12-24,0.0007321530362868914,normal,oprM
20-12-28,0.0003012205199859525,normal,oprM
21-03-26,0.0006930310547659452,normal,oprM
21-03-29,0.00575731727154347,anomaly,oprM
21-04-09,0.0004266543565075716,anomaly,oprM
21-05-21,0.00377216374963919,anomaly,oprM
21-08-02,0.0023672200085417825,normal,oprM
21-08-06,0.00237228188612337,normal,oprM
20-09-21,0.000528151506267,anomaly,oqxA
20-09-28,0.0007048674379872,normal,oqxA
20-10-12,7.269947191753427e-05,anomaly,oqxA
20-10-16,0.0001374442208736,normal,oqxA
20-10-19,8.897752397919417e-05,normal,oqxA
20-11-02,0.0001382187083268,normal,oqxA
20-11-25,2.7552909860501465e-05,normal,oqxA
20-11-30,0.000102133535318,normal,oqxA
20-12-04,0.0001125386615883,normal,oqxA
20-12-11,8.248049727906514e-05,normal,oqxA
20-12-18,2.3594471406730063e-05,normal,oqxA
20-12-21,7.639031439095368e-05,normal,oqxA
20-12-24,0.000120247575651,normal,oqxA
20-12-28,4.031453444820663e-05,normal,oqxA
21-03-26,4.814768589848423e-05,normal,oqxA
21-03-29,0.0009997218554633,anomaly,oqxA
21-04-09,0.000145960641183,anomaly,oqxA
21-05-21,0.0004483742254665,anomaly,oqxA
21-08-02,0.0004682773948407,normal,oqxA
21-08-06,0.0004819539000419,normal,oqxA
20-09-21,0.0015150845686858,anomaly,patA
20-09-28,0.0018052557913536,normal,patA
20-10-12,0.0001362957056123,anomaly,patA
20-10-16,5.856318976354704e-05,normal,patA
20-10-19,7.582432478226982e-05,normal,patA
20-11-02,0.0001514396282537,normal,patA
20-11-25,0.0002582785811271,normal,patA
20-11-30,0.0003916599050024,normal,patA
20-12-04,0.0001118862635501,normal,patA
20-12-11,0.0001171462135267,normal,patA
20-12-18,8.04263720994625e-05,normal,patA
20-12-21,4.339855542210702e-05,normal,patA
20-12-24,6.831456471767408e-05,normal,patA
20-12-28,1.1451664857751449e-05,normal,patA
21-03-26,6.838366982683268e-05,normal,patA
21-03-29,0.002067415804098,anomaly,patA
21-04-09,0.0001776912153533,anomaly,patA
21-05-21,0.0012943764462306,anomaly,patA
21-08-02,0.0014382563319075,normal,patA
21-08-06,0.0015849878902543,normal,patA
20-09-21,0.0106488976235317,anomaly,qacH
20-09-28,0.0120830102776003,normal,qacH
20-10-12,0.0071373852717884,normal,qacH
20-10-16,0.0040044559486965,normal,qacH
20-10-19,0.0017282481234156,normal,qacH
20-11-02,0.0033471341259695,normal,qacH
20-11-25,0.0032110310086076,normal,qacH
20-11-30,0.0078449596587571,normal,qacH
20-12-04,0.0041730552351152,normal,qacH
20-12-11,0.0068936852860989,normal,qacH
20-12-18,0.0055827495227599,normal,qacH
20-12-21,0.0042264719289457,normal,qacH
20-12-24,0.0048127918566865,normal,qacH
20-12-28,0.0022779527933256,normal,qacH
21-03-26,0.004704303628808,normal,qacH
21-03-29,0.0164961870378351,anomaly,qacH
21-04-09,0.0022091340287168,anomaly,qacH
21-05-21,0.0086291763082044,normal,qacH
21-08-02,0.0114038904908738,normal,qacH
21-08-06,0.0106437142995179,normal,qacH
20-09-21,0.0021820200464938,anomaly,rosA
20-09-28,0.002482216363207,normal,rosA
20-10-12,0.0023009559300180157,normal,rosA
20-10-16,0.0007823301377120458,anomaly,rosA
20-10-19,0.0016139861663345475,normal,rosA
20-11-02,0.0013065804707163,normal,rosA
20-11-25,0.0016080099718003,normal,rosA
20-11-30,0.0014819178710067994,normal,rosA
20-12-04,0.0017622196288402088,normal,rosA
20-12-11,0.0015558842788044999,normal,rosA
20-12-18,0.0024925535294065,normal,rosA
20-12-21,0.0016827818369732123,normal,rosA
20-12-24,0.0018950652653693999,normal,rosA
20-12-28,0.0011730251569741486,normal,rosA
21-03-26,0.0018262985290246304,normal,rosA
21-03-29,0.0023533772756698,normal,rosA
21-04-09,0.0014899539519153075,normal,rosA
21-05-21,0.002017833713895,normal,rosA
21-08-02,0.002193993819362,normal,rosA
21-08-06,0.0020861040446508,normal,rosA
20-09-21,0.010732820985388606,anomaly,sul1
20-09-28,0.010082764696741534,normal,sul1
20-10-12,0.0108032590433558,normal,sul1
20-10-16,0.01172341907492922,normal,sul1
20-10-19,0.007995618319997401,normal,sul1
20-11-02,0.0144418597667306,normal,sul1
20-11-25,0.009979364054906514,normal,sul1
20-11-30,0.01201950284144004,normal,sul1
20-12-04,0.0148869855125651,normal,sul1
20-12-11,0.010897913609193026,normal,sul1
20-12-18,0.010160513782105937,normal,sul1
20-12-21,0.008069375661513575,normal,sul1
20-12-24,0.015307284074100756,anomaly,sul1
20-12-28,0.01054003436047021,normal,sul1
21-03-26,0.008458076342355935,normal,sul1
21-03-29,0.0090908914859859,normal,sul1
21-04-09,0.010113887678682792,normal,sul1
21-05-21,0.0075466109126520785,normal,sul1
21-08-02,0.008827440980301842,normal,sul1
21-08-06,0.00904003241475656,normal,sul1
20-09-21,0.0090094681893591,anomaly,tet39
20-09-28,0.0085200635084081,normal,tet39
20-10-12,0.0014249096495836,anomaly,tet39
20-10-16,0.0004081676862307,normal,tet39
20-10-19,0.0003376352509244,normal,tet39
20-11-02,0.0003518294393774,normal,tet39
20-11-25,0.0001500102870182,normal,tet39
20-11-30,0.0010110188344619,normal,tet39
20-12-04,0.0003899066760082,normal,tet39
20-12-11,0.0003538052307526,normal,tet39
20-12-18,0.0003970544380162,normal,tet39
20-12-21,0.0002016498534764,normal,tet39
20-12-24,0.0002975823841868,normal,tet39
20-12-28,0.0001596292677141,normal,tet39
21-03-26,0.0001747582673352,normal,tet39
21-03-29,0.021456064586908,anomaly,tet39
21-04-09,0.0001651271900253,anomaly,tet39
21-05-21,0.0103735911360591,anomaly,tet39
21-08-02,0.0061999454069444,anomaly,tet39
21-08-06,0.0063969798062759,normal,tet39
20-09-21,0.0086146023270261,anomaly,tetA
20-09-28,0.0084504190863562,normal,tetA
20-10-12,0.0043504288177974,normal,tetA
20-10-16,0.0021068784509168,normal,tetA
20-10-19,0.0019728063835061,normal,tetA
20-11-02,0.001609578284373884,normal,tetA
20-11-25,0.0014696715784713217,normal,tetA
20-11-30,0.0025453769428824997,normal,tetA
20-12-04,0.006265346706971706,normal,tetA
20-12-11,0.000853640704562413,normal,tetA
20-12-18,0.0011988792820158,normal,tetA
20-12-21,0.002047784858005152,normal,tetA
20-12-24,0.001363881346060965,normal,tetA
20-12-28,0.0038198923782384966,normal,tetA
21-03-26,0.0018501990333307,normal,tetA
21-03-29,0.0086106087244225,normal,tetA
21-04-09,0.0014691453125487612,anomaly,tetA
21-05-21,0.0061942570834848,normal,tetA
21-08-02,0.008424150211626399,normal,tetA
21-08-06,0.0079457765885942,normal,tetA
20-09-21,0.0006336828042506,anomaly,tetC
20-09-28,0.0005530299032824,normal,tetC
20-10-12,0.0001722812674559,anomaly,tetC
20-10-16,3.392829633656377e-05,normal,tetC
20-10-19,5.857126683433101e-05,normal,tetC
20-11-02,0.0001169810730423,normal,tetC
20-11-25,2.7205895882409505e-05,normal,tetC
20-11-30,0.0001764826328166,normal,tetC
20-12-04,5.556064904615518e-05,normal,tetC
20-12-11,0.0001085889334454,normal,tetC
20-12-18,2.329731181722465e-05,normal,tetC
20-12-21,5.028547983417941e-05,normal,tetC
20-12-24,7.915541503811103e-05,normal,tetC
20-12-28,5.3075726292853065e-05,normal,tetC
21-03-26,3.169419457969071e-05,normal,tetC
21-03-29,0.0005063300737606,anomaly,tetC
21-04-09,0.0001235334393892,anomaly,tetC
21-05-21,0.0003431993759063,normal,tetC
21-08-02,0.000635772080149,normal,tetC
21-08-06,0.0007071233366493,normal,tetC
20-09-21,0.0008256589426824,anomaly,tetW
20-09-28,0.0009404741417523,normal,tetW
20-10-12,0.0001603023355781,anomaly,tetW
20-10-16,8.418458528509886e-05,normal,tetW
20-10-19,6.358185567679918e-05,normal,tetW
20-11-02,0.000120941369786,normal,tetW
20-11-25,4.219039322389287e-05,normal,tetW
20-11-30,9.383518557349548e-05,normal,tetW
20-12-04,4.595328681525752e-05,normal,tetW
20-12-11,3.367953638895161e-05,normal,tetW
20-12-18,8.6709682419733e-05,normal,tetW
20-12-21,3.119271170963942e-05,normal,tetW
20-12-24,2.455054669541412e-05,normal,tetW
20-12-28,1.6461768233017708e-05,normal,tetW
21-03-26,2.94904576128216e-05,normal,tetW
21-03-29,0.0011322819570956,anomaly,tetW
21-04-09,5.1086224414078105e-05,anomaly,tetW
21-05-21,0.0008494345428388,anomaly,tetW
21-08-02,0.0005198610766161,anomaly,tetW
21-08-06,0.0008544075345902,anomaly,tetW
20-09-21,0.0013707879173239,anomaly,tetX
20-09-28,0.0015588280760167,normal,tetX
20-10-12,0.000395604735617,anomaly,tetX
20-10-16,0.0004155126060344,normal,tetX
20-10-19,0.0003885428125089,normal,tetX
20-11-02,0.0003382627514837,normal,tetX
20-11-25,0.0010412025062965,normal,tetX
20-11-30,0.0004374150895628,normal,tetX
20-12-04,0.0007938459830296,normal,tetX
20-12-11,0.0003601719058561,normal,tetX
20-12-18,0.0006657401495122,normal,tetX
20-12-21,0.0006414953564964,normal,tetX
20-12-24,0.00064626631918,normal,tetX
20-12-28,0.0001895854027864,normal,tetX
21-03-26,0.0006630930657758,normal,tetX
21-03-29,0.0008511061696542,normal,tetX
21-04-09,0.0001680986304627,normal,tetX
21-05-21,0.0008756436518946,normal,tetX
21-08-02,0.0006685091172276,normal,tetX
21-08-06,0.000844793519274,normal,tetX
20-09-21,0.0029566786739436,anomaly,transcriptional_regulatory_protein_CpxR_cpxR
20-09-28,0.0037063357083199997,normal,transcriptional_regulatory_protein_CpxR_cpxR
20-10-12,0.004168054828936,normal,transcriptional_regulatory_protein_CpxR_cpxR
20-10-16,0.0015913270837930999,anomaly,transcriptional_regulatory_protein_CpxR_cpxR
20-10-19,0.0031864426124104,normal,transcriptional_regulatory_protein_CpxR_cpxR
20-11-02,0.0034594194472873,normal,transcriptional_regulatory_protein_CpxR_cpxR
20-11-25,0.003131204179666447,normal,transcriptional_regulatory_protein_CpxR_cpxR
20-11-30,0.004745207329748501,normal,transcriptional_regulatory_protein_CpxR_cpxR
20-12-04,0.003998086981378201,normal,transcriptional_regulatory_protein_CpxR_cpxR
20-12-11,0.00411607367064848,normal,transcriptional_regulatory_protein_CpxR_cpxR
20-12-18,0.0038133627192824997,normal,transcriptional_regulatory_protein_CpxR_cpxR
20-12-21,0.0035491266266511994,normal,transcriptional_regulatory_protein_CpxR_cpxR
20-12-24,0.0029988821076968445,normal,transcriptional_regulatory_protein_CpxR_cpxR
20-12-28,0.0017539916257159,normal,transcriptional_regulatory_protein_CpxR_cpxR
21-03-26,0.003949238729256653,normal,transcriptional_regulatory_protein_CpxR_cpxR
21-03-29,0.0049196198925829,normal,transcriptional_regulatory_protein_CpxR_cpxR
21-04-09,0.0028969419912913,normal,transcriptional_regulatory_protein_CpxR_cpxR
21-05-21,0.0025391263528797,normal,transcriptional_regulatory_protein_CpxR_cpxR
21-08-02,0.0029194759086732,normal,transcriptional_regulatory_protein_CpxR_cpxR
21-08-06,0.0027748765644348,normal,transcriptional_regulatory_protein_CpxR_cpxR
20-09-21,0.0113654718291896,anomaly,ugd
20-09-28,0.0113341391142895,normal,ugd
20-10-12,0.0059487230615009,anomaly,ugd
20-10-16,0.0046052647168815,normal,ugd
20-10-19,0.0028094634135264,normal,ugd
20-11-02,0.0017112115663295,normal,ugd
20-11-25,0.0029708978179662,normal,ugd
20-11-30,0.0035250510158886,normal,ugd
20-12-04,0.0022870324749187,normal,ugd
20-12-11,0.0032415471527052,normal,ugd
20-12-18,0.0018545618450698,normal,ugd
20-12-21,0.0016935477411506,normal,ugd
20-12-24,0.0016762532653732,normal,ugd
20-12-28,0.0010833451587795,normal,ugd
21-03-26,0.0017790301764718,normal,ugd
21-03-29,0.0102870944689337,anomaly,ugd
21-04-09,0.0023113561688631,anomaly,ugd
21-05-21,0.0095480183802592,anomaly,ugd
21-08-02,0.0105781736784846,normal,ugd
21-08-06,0.0098057612135983,normal,ugd
20-09-21,0.0003578550117887,anomaly,vatF
20-09-28,0.0003094757643483,normal,vatF
20-10-12,0.0006161771457659,normal,vatF
20-10-16,0.000242694299921,anomaly,vatF
20-10-19,0.000157113465765,normal,vatF
20-11-02,0.0001743299023942,normal,vatF
20-11-25,0.0004378678648101,normal,vatF
20-11-30,0.0002254298752516,normal,vatF
20-12-04,0.0004967922898946,normal,vatF
20-12-11,0.0004854707947956,normal,vatF
20-12-18,0.0004582854085847,normal,vatF
20-12-21,0.0002697748039752,normal,vatF
20-12-24,0.0002831054033345,normal,vatF
20-12-28,0.0001186433746523,normal,vatF
21-03-26,8.501753546038658e-05,normal,vatF
21-03-29,0.0002587040402612,normal,vatF
21-04-09,0.0003313701043075,normal,vatF
21-05-21,0.0003805184431782,normal,vatF
21-08-02,0.0003445284136215,normal,vatF
21-08-06,0.0003895503544305,normal,vatF
20-09-21,9.812723890452284e-05,normal,MexJ
20-09-28,0.000146108832034,normal,MexJ
20-10-12,0.0015178385397739,anomaly,MexJ
20-10-16,3.66019936022169e-05,anomaly,MexJ
20-10-19,0.0001895608119556,normal,MexJ
20-11-02,8.413312680765781e-05,normal,MexJ
20-11-25,0.0001467491938222,normal,MexJ
20-11-30,2.719860451405666e-05,normal,MexJ
20-12-04,0.0002197765891164,normal,MexJ
20-12-11,2.9286553381697047e-05,normal,MexJ
20-12-18,2.513324128108203e-05,normal,MexJ
20-12-21,8.137229141645066e-05,normal,MexJ
20-12-24,0.0001067415073713,normal,MexJ
20-12-28,5.725832428875725e-05,normal,MexJ
21-03-26,6.838366982683268e-05,normal,MexJ
21-03-29,6.426248058919206e-05,normal,MexJ
21-04-09,2.2211401919164398e-05,normal,MexJ
21-05-21,0.0001147759434586,normal,MexJ
21-08-02,9.352822967607184e-05,normal,MexJ
21-08-06,0.0001120771546484,normal,MexJ
20-09-21,0.0040756660912016,normal,MexK
20-09-28,0.0045243421048819,normal,MexK
20-10-12,0.0167378275797099,anomaly,MexK
20-10-16,0.0050018443654772,anomaly,MexK
20-10-19,0.0066460833603016,normal,MexK
20-11-02,0.0064803827927442,normal,MexK
20-11-25,0.0052161471731621,normal,MexK
20-11-30,0.0058044897118887,normal,MexK
20-12-04,0.0081981380298876,normal,MexK
20-12-11,0.0058299080532922,normal,MexK
20-12-18,0.0066077398012906,normal,MexK
20-12-21,0.006138822951667,normal,MexK
20-12-24,0.0087520545412423,normal,MexK
20-12-28,0.0066129458040161,normal,MexK
21-03-26,0.0061134734222187,normal,MexK
21-03-29,0.0068077785758118,normal,MexK
21-04-09,0.0050588307996786,normal,MexK
21-05-21,0.0037395753283939,normal,MexK
21-08-02,0.0032800716805608,normal,MexK
21-08-06,0.003308006235145,normal,MexK
20-09-21,0.0002769061614908,normal,MexL
20-09-28,0.0001963361248407,normal,MexL
20-10-12,0.0039603122655095,anomaly,MexL
20-10-16,0.00025294898865,anomaly,MexL
20-10-19,0.0007368842830952,normal,MexL
20-11-02,0.0006541054365891,normal,MexL
20-11-25,0.0006338462831758,normal,MexL
20-11-30,9.39820324992756e-05,normal,MexL
20-12-04,0.0006213402160936,normal,MexL
20-12-11,0.00025299182264,normal,MexL
20-12-18,0.0003039588241317,normal,MexL
20-12-21,0.0003748983191393,normal,MexL
20-12-24,0.0006639021078196,normal,MexL
20-12-28,0.0005193571949571,normal,MexL
21-03-26,0.0002658294770733,normal,MexL
21-03-29,0.0001982611741853,normal,MexL
21-04-09,7.67492573357042e-05,normal,MexL
21-05-21,0.0002494721097257,normal,MexL
21-08-02,0.0001615886785013,normal,MexL
21-08-06,0.000206128269885,normal,MexL
20-09-21,0.0024396712454688,normal,MuxB
20-09-28,0.0033891153388836,normal,MuxB
20-10-12,0.0097232340456265,anomaly,MuxB
20-10-16,0.0013546944758521,anomaly,MuxB
20-10-19,0.0020435284977239,normal,MuxB
20-11-02,0.0023873177668103,normal,MuxB
20-11-25,0.0015570033238794,normal,MuxB
20-11-30,0.00299122124127,normal,MuxB
20-12-04,0.0028452303254197,normal,MuxB
20-12-11,0.0021162620566237,normal,MuxB
20-12-18,0.0034639576833834,normal,MuxB
20-12-21,0.0031933688003125,normal,MuxB
20-12-24,0.0031454800057266,normal,MuxB
20-12-28,0.0020384840969008,normal,MuxB
21-03-26,0.0033565639622664,normal,MuxB
21-03-29,0.0062211849708869,normal,MuxB
21-04-09,0.0042591426944457,normal,MuxB
21-05-21,0.0018101433060313,normal,MuxB
21-08-02,0.0023223987145789,normal,MuxB
21-08-06,0.0021486233607503,normal,MuxB
20-09-21,0.0002646502042123,normal,MuxC
20-09-28,0.0002678896746776,normal,MuxC
20-10-12,0.0051005444737267,anomaly,MuxC
20-10-16,0.0002857567407941,anomaly,MuxC
20-10-19,0.0005830015585959,normal,MuxC
20-11-02,0.0003209553034243,normal,MuxC
20-11-25,0.0005676377688136,normal,MuxC
20-11-30,0.0010617160180607,normal,MuxC
20-12-04,0.0010138970128573,normal,MuxC
20-12-11,0.0007171110544532,normal,MuxC
20-12-18,0.0012575830507162,normal,MuxC
20-12-21,0.0013860753670011,normal,MuxC
20-12-24,0.0013106251350608,normal,MuxC
20-12-28,0.0007924507909279,normal,MuxC
21-03-26,0.0013893029468772,normal,MuxC
21-03-29,0.0004007131728046,normal,MuxC
21-04-09,0.0007409226761694,normal,MuxC
21-05-21,0.0003048219413546,normal,MuxC
21-08-02,0.0002581471334464,normal,MuxC
21-08-06,0.0002822585759274,normal,MuxC
20-09-21,8.174694390628755e-05,normal,TriC
20-09-28,0.0001396534549406,normal,TriC
20-10-12,0.0006339164976494,anomaly,TriC
20-10-16,0.0002253760550939,anomaly,TriC
20-10-19,0.0005321136178125,anomaly,TriC
20-11-02,0.0001523670800453,anomaly,TriC
20-11-25,0.000122252478003,normal,TriC
20-11-30,8.866316747101935e-05,normal,TriC
20-12-04,0.0006223594749782,anomaly,TriC
20-12-11,0.0001060772799652,anomaly,TriC
20-12-18,7.282702985384399e-05,normal,TriC
20-12-21,3.929790451608116e-05,normal,TriC
20-12-24,7.732455652098936e-05,normal,TriC
20-12-28,5.184808892289042e-05,normal,TriC
21-03-26,9.907555313493869e-05,normal,TriC
21-03-29,0.0001030801994602,normal,TriC
21-04-09,0.0003137579137242,normal,TriC
21-05-21,0.0001300813461296,anomaly,TriC
21-08-02,9.03369777448673e-05,normal,TriC
21-08-06,8.249926191801589e-05,normal,TriC
20-09-21,0.00021663593202381098,normal,amrB
20-09-28,0.0002444674690425831,normal,amrB
20-10-12,0.0012488301790284,anomaly,amrB
20-10-16,0.0005928438066770238,anomaly,amrB
20-10-19,0.0006674916727785,normal,amrB
20-11-02,0.0007629079739225351,normal,amrB
20-11-25,0.0004806421776184046,normal,amrB
20-11-30,0.0004886196633454088,normal,amrB
20-12-04,0.0009992617172367817,normal,amrB
20-12-11,0.0005569017177221078,normal,amrB
20-12-18,0.00042492104124669864,normal,amrB
20-12-21,0.0006402020550882428,normal,amrB
20-12-24,0.0009023755296510466,normal,amrB
20-12-28,0.000791642904469622,normal,amrB
21-03-26,0.0006142522075322206,normal,amrB
21-03-29,0.000564398203496687,normal,amrB
21-04-09,0.0006494282433444206,normal,amrB
21-05-21,0.0002556056569033978,normal,amrB
21-08-02,0.00021965929539787774,normal,amrB
21-08-06,0.00020376611791106877,normal,amrB
20-09-21,0.018268226828001683,normal,bacA
20-09-28,0.02230528075529123,normal,bacA
20-10-12,0.05340973300170322,anomaly,bacA
20-10-16,0.03018727148663192,anomaly,bacA
20-10-19,0.025187577170407302,normal,bacA
20-11-02,0.0238863643215639,normal,bacA
20-11-25,0.018113067256064163,normal,bacA
20-11-30,0.03717694389553438,normal,bacA
20-12-04,0.029132887182053046,normal,bacA
20-12-11,0.024076017406765647,normal,bacA
20-12-18,0.031206065331036464,normal,bacA
20-12-21,0.028665009946039342,normal,bacA
20-12-24,0.026389704425235864,normal,bacA
20-12-28,0.0261435921880808,normal,bacA
21-03-26,0.02844805994049888,normal,bacA
21-03-29,0.04186874749813237,normal,bacA
21-04-09,0.03754514389073137,normal,bacA
21-05-21,0.015059494089265041,anomaly,bacA
21-08-02,0.0158753114246654,normal,bacA
21-08-06,0.01567689822787407,normal,bacA
20-09-21,0.00010738826159041335,normal,macA
20-09-28,0.00018381166499382078,normal,macA
20-10-12,0.0012683879777014,anomaly,macA
20-10-16,0.0009097952100434,normal,macA
20-10-19,0.0007774660144899,normal,macA
20-11-02,0.0005858912630575,normal,macA
20-11-25,0.0006818830589376,normal,macA
20-11-30,0.0013142033050359855,normal,macA
20-12-04,0.0008140923469843,normal,macA
20-12-11,0.001032175070848,normal,macA
20-12-18,0.0008414970771283,normal,macA
20-12-21,0.0012460748389983,normal,macA
20-12-24,0.0012467759919918,normal,macA
20-12-28,0.0009059297499398,normal,macA
21-03-26,0.0006913207705745,normal,macA
21-03-29,0.00015566972202178496,normal,macA
21-04-09,0.0007471714430246,normal,macA
21-05-21,0.00018439391896184876,normal,macA
21-08-02,0.000217496994363335,normal,macA
21-08-06,0.00018653936238947227,normal,macA
20-09-21,0.0009455573802814504,normal,mexD
20-09-28,0.001297748535339698,normal,mexD
20-10-12,0.004346350519063425,anomaly,mexD
20-10-16,0.0012774565421695928,anomaly,mexD
20-10-19,0.001041445131159472,normal,mexD
20-11-02,0.0013941149288068055,normal,mexD
20-11-25,0.0007088527888037293,normal,mexD
20-11-30,0.0007958702360451109,normal,mexD
20-12-04,0.0009861599692596271,normal,mexD
20-12-11,0.000650581209194421,normal,mexD
20-12-18,0.0008683910952283297,normal,mexD
20-12-21,0.0009084493568429341,normal,mexD
20-12-24,0.0008956278389785392,normal,mexD
20-12-28,0.0006510182057754584,normal,mexD
21-03-26,0.0008678749659367878,normal,mexD
21-03-29,0.001801060999404895,normal,mexD
21-04-09,0.002912764717987247,normal,mexD
21-05-21,0.0007178817880036473,anomaly,mexD
21-08-02,0.0008719276765842621,normal,mexD
21-08-06,0.0008794508084419944,normal,mexD
20-09-21,0.00116782656249689,normal,mexF
20-09-28,0.0014685033113339668,normal,mexF
20-10-12,0.015355367469461919,anomaly,mexF
20-10-16,0.006638040755656545,normal,mexF
20-10-19,0.011584019677556108,normal,mexF
20-11-02,0.010421811110614871,normal,mexF
20-11-25,0.005297518185785926,normal,mexF
20-11-30,0.002904225826935707,normal,mexF
20-12-04,0.009095329329937311,normal,mexF
20-12-11,0.004925435106290971,normal,mexF
20-12-18,0.005325254141262872,normal,mexF
20-12-21,0.005711899637948874,normal,mexF
20-12-24,0.009520956974572798,normal,mexF
20-12-28,0.008222603837667077,normal,mexF
21-03-26,0.005538509770773117,normal,mexF
21-03-29,0.0023848049568407667,normal,mexF
21-04-09,0.006704431436606612,normal,mexF
21-05-21,0.0010798973218318656,normal,mexF
21-08-02,0.0010913475798745543,normal,mexF
21-08-06,0.0010763878676623743,normal,mexF
20-09-21,6.616255105307849e-05,normal,mexN
20-09-28,0.0001080200301119,normal,mexN
20-10-12,0.0015609424898042,anomaly,mexN
20-10-16,0.0007403697375121,anomaly,mexN
20-10-19,0.0010763105697155,normal,mexN
20-11-02,0.0003508116107196,anomaly,mexN
20-11-25,0.0002343458678588,normal,mexN
20-11-30,0.0001544314208088,normal,mexN
20-12-04,0.0004395917118682,normal,mexN
20-12-11,0.0001870724489878,normal,mexN
20-12-18,0.0003032469767684,normal,mexN
20-12-21,0.0004042719820419,normal,mexN
20-12-24,0.0004318244664651,normal,mexN
20-12-28,0.0001269953190589,normal,mexN
21-03-26,0.000376143155923,normal,mexN
21-03-29,9.93638355328684e-05,normal,mexN
21-04-09,0.0002207003716249,normal,mexN
21-05-21,8.540269908642673e-05,normal,mexN
21-08-02,7.744414003393157e-05,normal,mexN
21-08-06,0.0001090544497901,normal,mexN
20-09-21,0.0011081678696025323,normal,mexW
20-09-28,0.000990262259226051,normal,mexW
20-10-12,0.0154836098143007,anomaly,mexW
20-10-16,0.0015644735980922366,anomaly,mexW
20-10-19,0.001995179278656229,normal,mexW
20-11-02,0.0011958473358249966,normal,mexW
20-11-25,0.0012546747662349287,normal,mexW
20-11-30,0.0014478619992357013,normal,mexW
20-12-04,0.0014477369375574761,normal,mexW
20-12-11,0.0013151134479728664,normal,mexW
20-12-18,0.0018472624699322564,normal,mexW
20-12-21,0.0016988609881687213,normal,mexW
20-12-24,0.0017248939735103174,normal,mexW
20-12-28,0.0006842252350452132,normal,mexW
21-03-26,0.0014546233311950756,normal,mexW
21-03-29,0.0007494245879138937,normal,mexW
21-04-09,0.0015624921851674534,normal,mexW
21-05-21,0.000951542078287462,normal,mexW
21-08-02,0.0009256588871449394,normal,mexW
21-08-06,0.0009802314866755016,normal,mexW
20-09-21,5.266161821209393e-05,normal,oprJ
20-09-28,0.0001151283482045,normal,oprJ
20-10-12,0.0009499397663891,anomaly,oprJ
20-10-16,0.0001683691705701,anomaly,oprJ
20-10-19,4.844331861089461e-05,anomaly,oprJ
20-11-02,0.0001290041277717,normal,oprJ
20-11-25,6.750462915822859e-05,normal,oprJ
20-11-30,4.170452692155355e-05,normal,oprJ
20-12-04,3.0635524543505014e-05,normal,oprJ
20-12-11,2.245302425930107e-05,normal,oprJ
20-12-18,1.9268818315496225e-05,normal,oprJ
20-12-21,2.0795141139759612e-05,normal,oprJ
20-12-24,3.2734062260552164e-05,normal,oprJ
20-12-28,2.194902431069028e-05,normal,oprJ
21-03-26,2.621374010028586e-05,normal,oprJ
21-03-29,9.85358035700945e-05,normal,oprJ
21-04-09,0.0001192011902995,normal,oprJ
21-05-21,7.380216579385377e-05,normal,oprJ
21-08-02,7.967219564998713e-05,normal,oprJ
21-08-06,8.315401796498426e-05,normal,oprJ
20-09-21,0.0007570331306389,normal,oqxB
20-09-28,0.0012036562667744,normal,oqxB
20-10-12,0.0038286820651039,anomaly,oqxB
20-10-16,0.0021787066791195,normal,oqxB
20-10-19,0.0033407913728997,normal,oqxB
20-11-02,0.0027543792837277,normal,oqxB
20-11-25,0.0026873393758137,normal,oqxB
20-11-30,0.0033236642958604,normal,oqxB
20-12-04,0.003749718246695,normal,oqxB
20-12-11,0.0044299325503412,normal,oqxB
20-12-18,0.0050337266952451,normal,oqxB
20-12-21,0.0048246310328439,normal,oqxB
20-12-24,0.0049110437081292,normal,oqxB
20-12-28,0.0044908831472605,normal,oqxB
21-03-26,0.0041782357198857,normal,oqxB
21-03-29,0.0018691935226644,anomaly,oqxB
21-04-09,0.0037797001050796,normal,oqxB
21-05-21,0.0007324580020234,anomaly,oqxB
21-08-02,0.0006695193453669,normal,oqxB
21-08-06,0.0008354961272219,normal,oqxB
20-09-21,4.169841098945082e-06,normal,rphA
20-09-28,3.27685704895393e-05,normal,rphA
20-10-12,0.0004870360926983,anomaly,rphA
20-10-16,0.000342182148041,normal,rphA
20-10-19,0.0001946683011153,normal,rphA
20-11-02,0.0002413241189263,normal,rphA
20-11-25,0.0001434278494816,normal,rphA
20-11-30,0.0003582929333676,normal,rphA
20-12-04,0.000288667298239,normal,rphA
20-12-11,0.0004480233939962,normal,rphA
20-12-18,0.0002776845872718,normal,rphA
20-12-21,0.0001728926284137,normal,rphA
20-12-24,0.0002267948886412,normal,rphA
20-12-28,0.0001642375029252,normal,rphA
21-03-26,0.000268796780705,normal,rphA
21-03-29,4.681344676375324e-05,normal,rphA
21-04-09,0.0002642797752598,normal,rphA
21-05-21,1.415994653710465e-05,normal,rphA
21-08-02,4.416010844341088e-06,normal,rphA
21-08-06,1.0754330267988726e-05,normal,rphA
20-09-21,0.0016688760966767,normal,sul2
20-09-28,0.0019499574622024,normal,sul2
20-10-12,0.0130855024567302,anomaly,sul2
20-10-16,0.0053190675685325,anomaly,sul2
20-10-19,0.0033994134997538997,normal,sul2
20-11-02,0.0042216489218035004,normal,sul2
20-11-25,0.001973751267775,normal,sul2
20-11-30,0.0035888982163980003,normal,sul2
20-12-04,0.0025806984256457,normal,sul2
20-12-11,0.0029857083816087,normal,sul2
20-12-18,0.0046985246598373,normal,sul2
20-12-21,0.004705890071073499,normal,sul2
20-12-24,0.0033147485538235,normal,sul2
20-12-28,0.0016951634000504,normal,sul2
21-03-26,0.0034000762894781,normal,sul2
21-03-29,0.0021513001009302,normal,sul2
21-04-09,0.0013982423360391,normal,sul2
21-05-21,0.00257030726199,normal,sul2
21-08-02,0.0018286009472192,normal,sul2
21-08-06,0.0015802140715004999,normal,sul2
20-09-21,7.806764346029008e-05,normal,arnA
20-09-28,0.0001058780944721,normal,arnA
20-10-12,0.0002063217592157,normal,arnA
20-10-16,4.063207736234032e-05,anomaly,arnA
20-10-19,0.000271808665509,anomaly,arnA
20-11-02,2.3349163397600358e-05,anomaly,arnA
20-11-25,4.072677475609568e-05,normal,arnA
20-11-30,9.057996797441497e-05,normal,arnA
20-12-04,0.0005544891320091,anomaly,arnA
20-12-11,6.502233269661848e-05,anomaly,arnA
20-12-18,4.185082711058003e-05,normal,arnA
20-12-21,3.011061160508179e-05,normal,arnA
20-12-24,3.5548302907386964e-05,normal,arnA
20-12-28,1.589069633353142e-05,normal,arnA
21-03-26,3.7956546751545135e-05,normal,arnA
21-03-29,6.87903476766012e-05,normal,arnA
21-04-09,4.931400245099545e-05,normal,arnA
21-05-21,0.0001048078094113,normal,arnA
21-08-02,9.805808695383031e-05,normal,arnA
21-08-06,9.632320633047952e-05,normal,arnA
20-09-21,0.00017535297210658437,normal,floR
20-09-28,0.0002470822608113633,normal,floR
20-10-12,0.00023924408931278222,normal,floR
20-10-16,0.0036916499621315055,anomaly,floR
20-10-19,0.00018659648650122367,anomaly,floR
20-11-02,0.0029432052854587998,normal,floR
20-11-25,0.0012667535348209287,normal,floR
20-11-30,0.000172996556118991,normal,floR
20-12-04,0.0022329893445042,normal,floR
20-12-11,0.0011708836354479,normal,floR
20-12-18,0.0007536248941171554,normal,floR
20-12-21,0.0005422140504587781,normal,floR
20-12-24,0.0020755820218542,normal,floR
20-12-28,0.0010535531669129987,normal,floR
21-03-26,0.0004349539098120449,normal,floR
21-03-29,0.0003753744897908312,normal,floR
21-04-09,0.0028456919081025,normal,floR
21-05-21,0.0002186730838336408,normal,floR
21-08-02,0.00011331156714664838,normal,floR
21-08-06,0.00021024620838549802,normal,floR
20-09-21,0.0004622433645715,normal,mexC
20-09-28,0.0006851884975341,normal,mexC
20-10-12,0.0012486321671609,normal,mexC
20-10-16,0.0003124376361096,anomaly,mexC
20-10-19,0.0002996493934694,normal,mexC
20-11-02,0.0004787782061631,normal,mexC
20-11-25,0.0002226956838209,normal,mexC
20-11-30,0.0004643390626317,normal,mexC
20-12-04,0.0007579923598392,normal,mexC
20-12-11,0.000361100183964,normal,mexC
20-12-18,0.0005005919809799,normal,mexC
20-12-21,0.000540244903837,normal,mexC
20-12-24,0.0006681798275865,normal,mexC
20-12-28,0.0005566453588071,normal,mexC
21-03-26,0.0004215817995509,normal,mexC
21-03-29,0.0015977602316741,anomaly,mexC
21-04-09,0.0012850555419623,normal,mexC
21-05-21,0.0003687181954807,anomaly,mexC
21-08-02,0.0003745414558391,normal,mexC
21-08-06,0.0004183418635764,normal,mexC
20-09-21,4.774569620183882e-05,normal,rifampin_monooxygenase
20-09-28,6.547953224071659e-05,normal,rifampin_monooxygenase
20-10-12,0.0017372593640017,normal,rifampin_monooxygenase
20-10-16,0.005117860383094,anomaly,rifampin_monooxygenase
20-10-19,0.0026578087956039,normal,rifampin_monooxygenase
20-11-02,0.0006625264182013001,normal,rifampin_monooxygenase
20-11-25,0.0002254851913426726,normal,rifampin_monooxygenase
20-11-30,6.268738910964208e-05,normal,rifampin_monooxygenase
20-12-04,0.0018726683896320999,normal,rifampin_monooxygenase
20-12-11,0.00042749808193065937,normal,rifampin_monooxygenase
20-12-18,0.0003089447278976,normal,rifampin_monooxygenase
20-12-21,0.0005209638698895349,normal,rifampin_monooxygenase
20-12-24,0.0008856648160682999,normal,rifampin_monooxygenase
20-12-28,0.0020235259155741998,normal,rifampin_monooxygenase
21-03-26,0.00022328196160573534,normal,rifampin_monooxygenase
21-03-29,3.526482680707229e-05,normal,rifampin_monooxygenase
21-04-09,0.0017234935000656,normal,rifampin_monooxygenase
21-05-21,3.697812064827747e-05,normal,rifampin_monooxygenase
21-08-02,7.983852591230443e-05,normal,rifampin_monooxygenase
21-08-06,6.66620937339331e-05,normal,rifampin_monooxygenase
20-09-21,0.0001574599880095,normal,tetA(48)
20-09-28,0.0002301119718985,normal,tetA(48)
20-10-12,0.0010272604450486,normal,tetA(48)
20-10-16,0.0036806283799066,anomaly,tetA(48)
20-10-19,0.0037346418882585,normal,tetA(48)
20-11-02,0.0035776144736698,normal,tetA(48)
20-11-25,0.001051816314791,anomaly,tetA(48)
20-11-30,0.000989270173488,normal,tetA(48)
20-12-04,0.0016885161201885,normal,tetA(48)
20-12-11,0.0011905324490978,normal,tetA(48)
20-12-18,0.0006452813575421,normal,tetA(48)
20-12-21,0.0009575437082959,normal,tetA(48)
20-12-24,0.0010505350213851,normal,tetA(48)
20-12-28,0.0021744847340358,normal,tetA(48)
21-03-26,0.0006949689235889,anomaly,tetA(48)
21-03-29,0.0005205047431111,normal,tetA(48)
21-04-09,0.0037542434685694,anomaly,tetA(48)
21-05-21,0.0002059595324479,anomaly,tetA(48)
21-08-02,7.78193538906851e-05,normal,tetA(48)
21-08-06,0.0002784692694641,normal,tetA(48)
20-09-21,0.00040834653600360974,normal,tetG
20-09-28,0.0006233141582731833,normal,tetG
20-10-12,0.0007671323564215754,normal,tetG
20-10-16,0.008241426813598001,anomaly,tetG
20-10-19,0.0009010534049132,anomaly,tetG
20-11-02,0.0049425169737631,anomaly,tetG
20-11-25,0.0021160010596912,normal,tetG
20-11-30,0.0006489941637444225,normal,tetG
20-12-04,0.002401917388917,normal,tetG
20-12-11,0.0023069626035075,normal,tetG
20-12-18,0.0015688414547658,normal,tetG
20-12-21,0.000689408166337218,normal,tetG
20-12-24,0.0040725272506484,normal,tetG
20-12-28,0.0019876326671204,normal,tetG
21-03-26,0.0007171771811069,normal,tetG
21-03-29,0.0011184395230722,normal,tetG
21-04-09,0.0050821025468237,anomaly,tetG
21-05-21,0.0004179696813899302,anomaly,tetG
21-08-02,0.0002810232666853297,normal,tetG
21-08-06,0.0005061625329716333,normal,tetG
20-09-21,8.301338831463083e-06,normal,LpeB
20-09-28,1.0300392756421429e-05,normal,LpeB
20-10-12,0.0001066927422348,normal,LpeB
20-10-16,6.635238249071832e-05,normal,LpeB
20-10-19,0.0002176369781927,anomaly,LpeB
20-11-02,0.0001982723540137,normal,LpeB
20-11-25,0.0001489757333147,normal,LpeB
20-11-30,3.944467570905557e-05,normal,LpeB
20-12-04,9.417028234062624e-05,normal,LpeB
20-12-11,6.370907376038136e-05,normal,LpeB
20-12-18,9.112347577771612e-05,normal,LpeB
20-12-21,9.83415541584691e-06,normal,LpeB
20-12-24,0.0001161011075251,anomaly,LpeB
20-12-28,9.860842448940656e-05,normal,LpeB
21-03-26,6.818155060566962e-05,normal,LpeB
21-03-29,3.827710314615916e-05,normal,LpeB
21-04-09,5.637100625001722e-05,normal,LpeB
21-05-21,8.054196191220114e-06,normal,LpeB
21-08-02,3.7677491538910175e-06,normal,LpeB
21-08-06,5.24320901454088e-06,normal,LpeB
20-09-21,5.752949888716143e-05,normal,tetB(48)
20-09-28,7.687425476299816e-05,normal,tetB(48)
20-10-12,0.0002095455367034,normal,tetB(48)
20-10-16,0.0003961627542828,normal,tetB(48)
20-10-19,0.0010258585117601,anomaly,tetB(48)
20-11-02,0.0009106173725064,normal,tetB(48)
20-11-25,0.0003573774484847,normal,tetB(48)
20-11-30,0.000367981119896,normal,tetB(48)
20-12-04,0.0006217209392652,normal,tetB(48)
20-12-11,0.000435852823857,normal,tetB(48)
20-12-18,0.000102011391082,normal,tetB(48)
20-12-21,0.0002201838473621,normal,tetB(48)
20-12-24,0.0003754789494592,normal,tetB(48)
20-12-28,0.0006391039431642,normal,tetB(48)
21-03-26,0.0001387786240603,normal,tetB(48)
21-03-29,0.0001863071916241,normal,tetB(48)
21-04-09,0.0010217244882815,anomaly,tetB(48)
21-05-21,5.510116450672341e-05,anomaly,tetB(48)
21-08-02,8.435879539410402e-05,normal,tetB(48)
21-08-06,0.0001320681461796,normal,tetB(48)
20-09-21,0.0004227608653681,normal,mef(B)
20-09-28,0.0004480670849043,normal,mef(B)
20-10-12,0.0001668186906829,normal,mef(B)
20-10-16,0.0001971151265212,normal,mef(B)
20-10-19,0.0002693921132508,normal,mef(B)
20-11-02,0.0004342090154268,normal,mef(B)
20-11-25,1.317163495770314e-05,anomaly,mef(B)
20-11-30,0.0005858977440686,anomaly,mef(B)
20-12-04,5.379896993005758e-05,anomaly,mef(B)
20-12-11,0.000105145869702,normal,mef(B)
20-12-18,0.0001353516993869,normal,mef(B)
20-12-21,9.738212436180111e-05,normal,mef(B)
20-12-24,7.66456091954392e-05,normal,mef(B)
20-12-28,1.2848209352599189e-05,normal,mef(B)
21-03-26,6.137851340554739e-05,normal,mef(B)
21-03-29,0.0005067555612176,anomaly,mef(B)
21-04-09,5.980826272867681e-05,anomaly,mef(B)
21-05-21,0.0004220431544834,normal,mef(B)
21-08-02,0.0003357891563004,normal,mef(B)
21-08-06,0.0004510598437905,normal,mef(B)
20-09-21,9.794513267957512e-05,normal,smeF
20-09-28,0.000153513348147,normal,smeF
20-10-12,8.543355500715804e-05,normal,smeF
20-10-16,0.0001442134223299,normal,smeF
20-10-19,8.713573368983184e-05,normal,smeF
20-11-02,9.944643682618224e-05,normal,smeF
20-11-25,0.0004163026380635,anomaly,smeF
20-11-30,6.429819996470782e-05,anomaly,smeF
20-12-04,0.0002204183350453,normal,smeF
20-12-11,4.6156109826400486e-05,normal,smeF
20-12-18,0.000198052094035,normal,smeF
20-12-21,8.549608348680611e-05,normal,smeF
20-12-24,8.411322208278928e-05,normal,smeF
20-12-28,0.0001466401624183,normal,smeF
21-03-26,0.0001886042114281,normal,smeF
21-03-29,0.0001663865511492,normal,smeF
21-04-09,0.0001050166497591,normal,smeF
21-05-21,0.0001663010423422,normal,smeF
21-08-02,9.00790563237542e-05,normal,smeF
21-08-06,5.98281585358345e-05,normal,smeF
20-09-21,0.0004028787684560781,normal,ADP-ribosylating_transferase_arr
20-09-28,0.0007873576782584,normal,ADP-ribosylating_transferase_arr
20-10-12,0.0016317700123374,normal,ADP-ribosylating_transferase_arr
20-10-16,0.0084464517807133,normal,ADP-ribosylating_transferase_arr
20-10-19,0.0114843667855292,normal,ADP-ribosylating_transferase_arr
20-11-02,0.0117951675583998,normal,ADP-ribosylating_transferase_arr
20-11-25,0.0226745476173332,normal,ADP-ribosylating_transferase_arr
20-11-30,0.0017909608276529998,anomaly,ADP-ribosylating_transferase_arr
20-12-04,0.0180108559499928,anomaly,ADP-ribosylating_transferase_arr
20-12-11,0.0223705326129955,normal,ADP-ribosylating_transferase_arr
20-12-18,0.0184732177149755,normal,ADP-ribosylating_transferase_arr
20-12-21,0.012612683171093,normal,ADP-ribosylating_transferase_arr
20-12-24,0.0171670643551112,normal,ADP-ribosylating_transferase_arr
20-12-28,0.0186692205928288,normal,ADP-ribosylating_transferase_arr
21-03-26,0.017000343929515,normal,ADP-ribosylating_transferase_arr
21-03-29,0.0012703138527683,anomaly,ADP-ribosylating_transferase_arr
21-04-09,0.0230144891121556,anomaly,ADP-ribosylating_transferase_arr
21-05-21,0.0004715713906423,anomaly,ADP-ribosylating_transferase_arr
21-08-02,0.0004384878505115,normal,ADP-ribosylating_transferase_arr
21-08-06,0.00040457498278339887,normal,ADP-ribosylating_transferase_arr
20-09-21,0.0001706386315356,normal,NPS-1
20-09-28,0.0003090117826926,normal,NPS-1
20-10-12,0.0001965392620115,normal,NPS-1
20-10-16,0.0001032148172077,normal,NPS-1
20-10-19,4.454558033185712e-05,normal,NPS-1
20-11-02,2.965612132683724e-05,normal,NPS-1
20-11-25,2.069107407148769e-05,normal,NPS-1
20-11-30,0.0002684429319088,anomaly,NPS-1
20-12-04,0.0001971941809696,normal,NPS-1
20-12-11,0.0002064645908901,normal,NPS-1
20-12-18,0.0002126214434813,normal,NPS-1
20-12-21,0.0002294636263697,normal,NPS-1
20-12-24,0.0002408022970891,normal,NPS-1
20-12-28,0.000100915054302,normal,NPS-1
21-03-26,0.0001205229429898,normal,NPS-1
21-03-29,0.0003106547501717,normal,NPS-1
21-04-09,3.131722569445401e-05,anomaly,NPS-1
21-05-21,0.0001618296827309,normal,NPS-1
21-08-02,0.0001758282938482,normal,NPS-1
21-08-06,0.0001631220582301,normal,NPS-1
20-09-21,0.0004396100302922,normal,RbpA
20-09-28,0.0006883349420269,normal,RbpA
20-10-12,0.0040640901309864,normal,RbpA
20-10-16,0.0182717152062266,normal,RbpA
20-10-19,0.0347275407502795,normal,RbpA
20-11-02,0.0301533126478645,normal,RbpA
20-11-25,0.0388357066531165,normal,RbpA
20-11-30,0.0020888528266795,anomaly,RbpA
20-12-04,0.0462250105981651,normal,RbpA
20-12-11,0.0440469762860723,normal,RbpA
20-12-18,0.0357093092121613,normal,RbpA
20-12-21,0.0392322941015847,normal,RbpA
20-12-24,0.0612781645517536,normal,RbpA
20-12-28,0.0922546120940456,normal,RbpA
21-03-26,0.0361065776685676,anomaly,RbpA
21-03-29,0.0013660367302388,normal,RbpA
21-04-09,0.0691574210155102,anomaly,RbpA
21-05-21,0.0007701095561097,anomaly,RbpA
21-08-02,0.0011971613398537,normal,RbpA
21-08-06,0.0013188950327663,normal,RbpA
20-09-21,7.3695559014009e-05,normal,aac(2')-I
20-09-28,0.0001752643359319,normal,aac(2')-I
20-10-12,0.000174478732602,normal,aac(2')-I
20-10-16,0.0028863286383462,normal,aac(2')-I
20-10-19,0.0067919509970784,normal,aac(2')-I
20-11-02,0.007187372832997,normal,aac(2')-I
20-11-25,0.0116273279611316,normal,aac(2')-I
20-11-30,0.0002553338382952,anomaly,aac(2')-I
20-12-04,0.0135421522778024,anomaly,aac(2')-I
20-12-11,0.0150664375029759,normal,aac(2')-I
20-12-18,0.0073142861360863,normal,aac(2')-I
20-12-21,0.0094723989844782,normal,aac(2')-I
20-12-24,0.0135478935233468,normal,aac(2')-I
20-12-28,0.0203991544307925,normal,aac(2')-I
21-03-26,0.0107208847267291,normal,aac(2')-I
21-03-29,9.480121043186932e-05,normal,aac(2')-I
21-04-09,0.0117602573753224,normal,aac(2')-I
21-05-21,4.1709230275961314e-05,anomaly,aac(2')-I
21-08-02,5.8534674355092586e-05,normal,aac(2')-I
21-08-06,2.0364249297547165e-05,normal,aac(2')-I
20-09-21,0.0001360106362217,normal,efpA
20-09-28,0.0002109543714238,normal,efpA
20-10-12,0.0011699823111459,normal,efpA
20-10-16,0.0054283996236568,normal,efpA
20-10-19,0.0100499359287686,normal,efpA
20-11-02,0.0092853818520451,normal,efpA
20-11-25,0.0178995325526903,normal,efpA
20-11-30,0.0016210573176287,anomaly,efpA
20-12-04,0.021226783785398,anomaly,efpA
20-12-11,0.0222449849384804,normal,efpA
20-12-18,0.0152408732438953,normal,efpA
20-12-21,0.0180835487244734,normal,efpA
20-12-24,0.0274152394887245,normal,efpA
20-12-28,0.0426679112136853,normal,efpA
21-03-26,0.0196440140502933,anomaly,efpA
21-03-29,0.0003531065115829,anomaly,efpA
21-04-09,0.02650711214796,anomaly,efpA
21-05-21,0.0002668552887461,anomaly,efpA
21-08-02,0.0001224341085694,normal,efpA
21-08-06,0.0001829075197421,normal,efpA
20-09-21,5.482171287708788e-05,normal,lrfA
20-09-28,0.0001153440020545,normal,lrfA
20-10-12,0.0002144418482541,normal,lrfA
20-10-16,0.0032006812623245,normal,lrfA
20-10-19,0.0092205381878795,normal,lrfA
20-11-02,0.008246046028657,normal,lrfA
20-11-25,0.0171849408407561,normal,lrfA
20-11-30,0.0004360394101897,anomaly,lrfA
20-12-04,0.0200483725765099,normal,lrfA
20-12-11,0.0218750256150022,normal,lrfA
20-12-18,0.0162636457797962,normal,lrfA
20-12-21,0.0179274705873381,normal,lrfA
20-12-24,0.0265709837660307,normal,lrfA
20-12-28,0.0440093149624406,normal,lrfA
21-03-26,0.0192351753100236,anomaly,lrfA
21-03-29,0.0002006952717693,anomaly,lrfA
21-04-09,0.0249422168149209,anomaly,lrfA
21-05-21,9.712882139510992e-05,anomaly,lrfA
21-08-02,0.0001438832523421,normal,lrfA
21-08-06,8.430664791697414e-05,normal,lrfA
20-09-21,0.0002212504449509,normal,smeB
20-09-28,0.00024750372309,normal,smeB
20-10-12,0.0001302774536762,normal,smeB
20-10-16,0.0001539375273784,normal,smeB
20-10-19,0.0002159187915228,normal,smeB
20-11-02,0.0003464682288726,normal,smeB
20-11-25,0.0004937481447001,normal,smeB
20-11-30,6.672724307448568e-05,anomaly,smeB
20-12-04,0.0001540529234187,normal,smeB
20-12-11,0.0001129066362753,normal,smeB
20-12-18,0.0001233204372191,normal,smeB
20-12-21,0.0001616079540004,normal,smeB
20-12-24,0.0002094979984675,normal,smeB
20-12-28,7.525379763665239e-05,normal,smeB
21-03-26,0.0001797513606876,normal,smeB
21-03-29,0.0003700119970795,normal,smeB
21-04-09,0.0001790450531845,anomaly,smeB
21-05-21,0.0001803692491489,normal,smeB
21-08-02,0.0001784657182559,normal,smeB
21-08-06,0.0002027374152289,normal,smeB
20-09-21,7.046014422802812e-05,normal,tap
20-09-28,0.0001930695569099,normal,tap
20-10-12,0.0009036012411994,normal,tap
20-10-16,0.0038437449671635,normal,tap
20-10-19,0.0100525793839388,normal,tap
20-11-02,0.0097602635206815,normal,tap
20-11-25,0.0210219293924942,normal,tap
20-11-30,0.0017576932322059,anomaly,tap
20-12-04,0.0234204849095517,normal,tap
20-12-11,0.0287573953635223,normal,tap
20-12-18,0.0205734583068088,normal,tap
20-12-21,0.0216918682015911,normal,tap
20-12-24,0.0336665838390966,normal,tap
20-12-28,0.0541295060025003,normal,tap
21-03-26,0.0258556987720868,anomaly,tap
21-03-29,0.0001647985564935,anomaly,tap
21-04-09,0.0311202327064881,anomaly,tap
21-05-21,0.0001628355477928,anomaly,tap
21-08-02,0.0001399121484585,normal,tap
21-08-06,9.73510454224206e-05,normal,tap
20-09-21,4.8752710618956755e-05,normal,tetV
20-09-28,7.796711332713809e-05,normal,tetV
20-10-12,0.0003934921698670028,normal,tetV
20-10-16,0.0027917522971019,normal,tetV
20-10-19,0.0060176363841,normal,tetV
20-11-02,0.0055254656078207,normal,tetV
20-11-25,0.010922889662703699,normal,tetV
20-11-30,0.0005915792193048805,anomaly,tetV
20-12-04,0.01104880657938,normal,tetV
20-12-11,0.012915412908742499,normal,tetV
20-12-18,0.0082255668298037,normal,tetV
20-12-21,0.009344155778044299,normal,tetV
20-12-24,0.0142372120864438,normal,tetV
20-12-28,0.0195747349650984,normal,tetV
21-03-26,0.010352327547184799,normal,tetV
21-03-29,0.0001683149786418014,anomaly,tetV
21-04-09,0.0142986370054769,anomaly,tetV
21-05-21,9.071424436994199e-05,anomaly,tetV
21-08-02,9.05690361574955e-05,normal,tetV
21-08-06,8.247982916557776e-05,normal,tetV
20-09-21,0.00011024334405552045,normal,vanR
20-09-28,0.00014365430405338713,normal,vanR
20-10-12,0.000294462087319949,normal,vanR
20-10-16,0.001520191137137,normal,vanR
20-10-19,0.001881030586925,normal,vanR
20-11-02,0.0017390894983529,normal,vanR
20-11-25,0.0031417297246361,normal,vanR
20-11-30,0.0005685858656115331,anomaly,vanR
20-12-04,0.0023027620399249,normal,vanR
20-12-11,0.0038210979391167,normal,vanR
20-12-18,0.0027077184717622907,normal,vanR
20-12-21,0.001368908055884741,normal,vanR
20-12-24,0.0012547924599492358,normal,vanR
20-12-28,0.0014061459210471597,normal,vanR
21-03-26,0.0014620478932671304,normal,vanR
21-03-29,0.00016141580618556008,normal,vanR
21-04-09,0.0022151249722307,anomaly,vanR
21-05-21,9.398597454996017e-05,anomaly,vanR
21-08-02,0.00016512884524755528,normal,vanR
21-08-06,0.00013263300954077862,normal,vanR
20-09-21,1.7394423852054145e-05,normal,vanS
20-09-28,3.453310866314698e-05,normal,vanS
20-10-12,0.0001647294392582,normal,vanS
20-10-16,0.000739656471869,normal,vanS
20-10-19,0.0005712391327527,normal,vanS
20-11-02,0.0007829730298284,normal,vanS
20-11-25,0.0014827606404697,normal,vanS
20-11-30,0.0003182079510777,anomaly,vanS
20-12-04,0.0011900041903604,normal,vanS
20-12-11,0.0015574352087376,normal,vanS
20-12-18,0.0012831028149972,normal,vanS
20-12-21,0.0004904287621399,normal,vanS
20-12-24,0.0008174054853502,normal,vanS
20-12-28,0.0007612378373649,normal,vanS
21-03-26,0.0006000370566308,normal,vanS
21-03-29,0.0001366970685365,normal,vanS
21-04-09,0.0012048080671065,normal,vanS
21-05-21,3.1502925372209704e-05,anomaly,vanS
21-08-02,3.315837044392528e-05,normal,vanS
21-08-06,3.845272507051295e-05,normal,vanS
20-09-21,0.0002737006213747,normal,ereA
20-09-28,0.0002556209938329,normal,ereA
20-10-12,0.0005156152277222,normal,ereA
20-10-16,9.879853529791552e-05,normal,ereA
20-10-19,8.527919168666044e-05,normal,ereA
20-11-02,0.0003784962184011,normal,ereA
20-11-25,0.000607376614431,normal,ereA
20-11-30,0.0011012442316693,normal,ereA
20-12-04,0.0003954903901948,anomaly,ereA
20-12-11,0.0007905221255108,normal,ereA
20-12-18,0.0007236407073985,normal,ereA
20-12-21,0.0003416707786288,normal,ereA
20-12-24,0.0002689155237052,normal,ereA
20-12-28,0.0001159166076065,normal,ereA
21-03-26,0.0004307000818433,normal,ereA
21-03-29,0.000755796802794,normal,ereA
21-04-09,1.998483106663202e-05,anomaly,ereA
21-05-21,9.993898696929606e-05,normal,ereA
21-08-02,0.0002337570532517,normal,ereA
21-08-06,0.0002797553269433,normal,ereA
20-09-21,0.0004867965696125,normal,smeE
20-09-28,0.0006771939291541,normal,smeE
20-10-12,0.0007665220016972,normal,smeE
20-10-16,0.0008151590967087,normal,smeE
20-10-19,0.0008878948310238,normal,smeE
20-11-02,0.0006766210736154,normal,smeE
20-11-25,0.0008248404254492,normal,smeE
20-11-30,0.0004038248139954,normal,smeE
20-12-04,0.0027262968239292,anomaly,smeE
20-12-11,0.00046588407685,anomaly,smeE
20-12-18,0.0006485873139048,normal,smeE
20-12-21,0.0011218589110556,normal,smeE
20-12-24,0.0010867331332609,normal,smeE
20-12-28,0.0020544792784185,anomaly,smeE
21-03-26,0.0010153102793885,anomaly,smeE
21-03-29,0.0008356679924017,normal,smeE
21-04-09,0.0023084495643018,anomaly,smeE
21-05-21,0.0005745803730171,anomaly,smeE
21-08-02,0.0005547205322489,normal,smeE
21-08-06,0.0005265622347984,normal,smeE
20-09-21,0.0007074541918303,normal,adeF
20-09-28,0.0010173095449714,normal,adeF
20-10-12,0.0009356010529341,normal,adeF
20-10-16,0.0010801041130918,normal,adeF
20-10-19,0.001096829855341,normal,adeF
20-11-02,0.0010295989820272,normal,adeF
20-11-25,0.0006368361241342,normal,adeF
20-11-30,0.0011142190588852,normal,adeF
20-12-04,0.0015329322847051,normal,adeF
20-12-11,0.0007523881336701,anomaly,adeF
20-12-18,0.0008201972475426,normal,adeF
20-12-21,0.0012712501376003,normal,adeF
20-12-24,0.0011413688124056,normal,adeF
20-12-28,0.0013318502298713,normal,adeF
21-03-26,0.0011158150503065,normal,adeF
21-03-29,0.0019361887008786,normal,adeF
21-04-09,0.0022362271818992,normal,adeF
21-05-21,0.0005090100026885,anomaly,adeF
21-08-02,0.0005772476062187,normal,adeF
21-08-06,0.0005233996300588,normal,adeF
20-09-21,0.00167238919025,normal,kdpE
20-09-28,0.001903293811983,normal,kdpE
20-10-12,0.0020680104648824,normal,kdpE
20-10-16,0.001013195008741,normal,kdpE
20-10-19,0.0013118279199056,normal,kdpE
20-11-02,0.0017466930574404,normal,kdpE
20-11-25,0.0010036086458922,normal,kdpE
20-11-30,0.0014172157821129,normal,kdpE
20-12-04,0.0029930636368167,normal,kdpE
20-12-11,0.0011445081392351,anomaly,kdpE
20-12-18,0.0018416215735164,normal,kdpE
20-12-21,0.0015016668292074,normal,kdpE
20-12-24,0.0015990444573296,normal,kdpE
20-12-28,0.0023774872350694,normal,kdpE
21-03-26,0.0018929568072418,normal,kdpE
21-03-29,0.0024889321812016,normal,kdpE
21-04-09,0.0022423687884409,normal,kdpE
21-05-21,0.00147704811051,normal,kdpE
21-08-02,0.0014721729603289,normal,kdpE
21-08-06,0.0018014250971529,normal,kdpE
20-09-21,0.0001256227270985,normal,mexQ
20-09-28,0.0001672103605904,normal,mexQ
20-10-12,0.0002811965911891,normal,mexQ
20-10-16,0.0002683683174173,normal,mexQ
20-10-19,0.0004522602041093,normal,mexQ
20-11-02,0.0004112465553254,normal,mexQ
20-11-25,0.0002203187137612,normal,mexQ
20-11-30,0.0003798514786023,normal,mexQ
20-12-04,0.0006696797774974,normal,mexQ
20-12-11,0.000214731009994,anomaly,mexQ
20-12-18,0.0002808055496451,normal,mexQ
20-12-21,0.0002462270981254,normal,mexQ
20-12-24,0.0003354154387229,normal,mexQ
20-12-28,0.0004098261844728,normal,mexQ
21-03-26,0.0002686037885038,normal,mexQ
21-03-29,0.0002147540961516,normal,mexQ
21-04-09,0.0002404057619486,normal,mexQ
21-05-21,0.0001874409115184,normal,mexQ
21-08-02,0.0001487617467164,normal,mexQ
21-08-06,0.0001388530091255,normal,mexQ
20-09-21,0.0008147274682844,normal,mtrA
20-09-28,0.0015783440254271,normal,mtrA
20-10-12,0.0060729773711513,normal,mtrA
20-10-16,0.0245274913983484,normal,mtrA
20-10-19,0.0404131510367917,normal,mtrA
20-11-02,0.0342396108557488,normal,mtrA
20-11-25,0.0383685700053931,normal,mtrA
20-11-30,0.0059879687562475,normal,mtrA
20-12-04,0.0441151553426472,normal,mtrA
20-12-11,0.0481455590929571,normal,mtrA
20-12-18,0.0327956970595974,normal,mtrA
20-12-21,0.0373549749312293,normal,mtrA
20-12-24,0.0565027079927993,normal,mtrA
20-12-28,0.0925194505966074,normal,mtrA
21-03-26,0.041621466814253,anomaly,mtrA
21-03-29,0.0025227132741838,normal,mtrA
21-04-09,0.0677461337557521,anomaly,mtrA
21-05-21,0.0014695977118776,anomaly,mtrA
21-08-02,0.0014027873050687,normal,mtrA
21-08-06,0.0017139168768328,normal,mtrA
20-09-21,0.0096285180538432,normal,rpoB2
20-09-28,0.0121231105803866,normal,rpoB2
20-10-12,0.0286354155890538,normal,rpoB2
20-10-16,0.0357527518177265,normal,rpoB2
20-10-19,0.0453409468394935,normal,rpoB2
20-11-02,0.0430006364333564,normal,rpoB2
20-11-25,0.0450371383116532,normal,rpoB2
20-11-30,0.0310944362718981,normal,rpoB2
20-12-04,0.0526878338529122,normal,rpoB2
20-12-11,0.0567136750336395,normal,rpoB2
20-12-18,0.0516530249186509,normal,rpoB2
20-12-21,0.0505005443025329,normal,rpoB2
20-12-24,0.0661188652945041,normal,rpoB2
20-12-28,0.0770461709767515,normal,rpoB2
21-03-26,0.0536464303851146,anomaly,rpoB2
21-03-29,0.0175352820022368,anomaly,rpoB2
21-04-09,0.0766003452985777,anomaly,rpoB2
21-05-21,0.0102779242094235,anomaly,rpoB2
21-08-02,0.0092959572320899,normal,rpoB2
21-08-06,0.0097033517506998,normal,rpoB2
20-09-21,9.458921519055392e-05,normal,TaeA
20-09-28,0.0001265726228543,normal,TaeA
20-10-12,3.512874328711671e-05,normal,TaeA
20-10-16,2.075428913037877e-05,normal,TaeA
20-10-19,1.7914324293705247e-05,normal,TaeA
20-11-02,7.155853004287691e-05,normal,TaeA
20-11-25,2.4963191060053715e-05,normal,TaeA
20-11-30,6.168928481462467e-05,normal,TaeA
20-12-04,3.398702260604562e-05,normal,TaeA
20-12-11,6.642497161457328e-05,normal,TaeA
20-12-18,9.975844305095115e-05,normal,TaeA
20-12-21,7.690036785119117e-05,normal,TaeA
20-12-24,6.052523068206871e-05,normal,TaeA
20-12-28,1.6233484852282487e-05,normal,TaeA
21-03-26,1.9387666021783076e-05,normal,TaeA
21-03-29,0.0002420558150654,anomaly,TaeA
21-04-09,2.5188893393690285e-05,anomaly,TaeA
21-05-21,0.0001007705286174,normal,TaeA
21-08-02,0.0001001733615568,normal,TaeA
21-08-06,9.635103468361812e-05,normal,TaeA
20-09-21,0.0012532662562716001,normal,ceoB
20-09-28,0.0017931340742204,normal,ceoB
20-10-12,0.0014569341196982999,normal,ceoB
20-10-16,0.0018924316796597,normal,ceoB
20-10-19,0.0019233950809679,normal,ceoB
20-11-02,0.0017598246333302,normal,ceoB
20-11-25,0.0010212777189163,normal,ceoB
20-11-30,0.000777393345179,normal,ceoB
20-12-04,0.00225276160535,normal,ceoB
20-12-11,0.0011999302812503,normal,ceoB
20-12-18,0.0012451516171502,normal,ceoB
20-12-21,0.0018761741719976002,normal,ceoB
20-12-24,0.0023491114492445,normal,ceoB
20-12-28,0.0023238083955421,normal,ceoB
21-03-26,0.0019691062502223003,normal,ceoB
21-03-29,0.0040179863956246,anomaly,ceoB
21-04-09,0.0042288862063085,normal,ceoB
21-05-21,0.0009217886567916,anomaly,ceoB
21-08-02,0.0010691093506357999,normal,ceoB
21-08-06,0.0009011245355930999,normal,ceoB
20-09-21,0.0245431193062078,normal,mphD
20-09-28,0.0263878604126709,normal,mphD
20-10-12,0.0186445804996371,normal,mphD
20-10-16,0.0020546746239074,normal,mphD
20-10-19,0.0050840852345535,normal,mphD
20-11-02,0.0048278154935594,normal,mphD
20-11-25,0.0054003703326582,normal,mphD
20-11-30,0.003969705477821,normal,mphD
20-12-04,0.0266934075547882,normal,mphD
20-12-11,0.004895520407994,normal,mphD
20-12-18,0.0042953135336509,normal,mphD
20-12-21,0.0083913681399219,normal,mphD
20-12-24,0.0043408695445179,normal,mphD
20-12-28,0.0184996793376611,normal,mphD
21-03-26,0.0087438373758241,normal,mphD
21-03-29,0.0509733108018003,anomaly,mphD
21-04-09,0.0065944522904681,anomaly,mphD
21-05-21,0.0255503675309475,normal,mphD
21-08-02,0.0188879819490762,normal,mphD
21-08-06,0.0202185471206521,normal,mphD
20-09-21,0.0246830692748811,normal,msrE
20-09-28,0.0255118955388618,normal,msrE
20-10-12,0.017504377890414,normal,msrE
20-10-16,0.0039696796313298,normal,msrE
20-10-19,0.0041708515779623,normal,msrE
20-11-02,0.0056163992212819,normal,msrE
20-11-25,0.0054223230575877,normal,msrE
20-11-30,0.0057979464256793,normal,msrE
20-12-04,0.0285134540629305,normal,msrE
20-12-11,0.0056515904964874,normal,msrE
20-12-18,0.0044741256186225,normal,msrE
20-12-21,0.0081354649727254,normal,msrE
20-12-24,0.0042634120114963,normal,msrE
20-12-28,0.0205250144407772,normal,msrE
21-03-26,0.0085290559253125,normal,msrE
21-03-29,0.0513450502575178,anomaly,msrE
21-04-09,0.0071437647148141,anomaly,msrE
21-05-21,0.0264469299561464,normal,msrE
21-08-02,0.0204504923663527,normal,msrE
21-08-06,0.0203761146460538,normal,msrE
20-09-21,9.933398164833252e-05,normal,mexI
20-09-28,0.0001348551420585,normal,mexI
20-10-12,0.0002932823744774,normal,mexI
20-10-16,0.0001176949541849,normal,mexI
20-10-19,0.0002031797440767,normal,mexI
20-11-02,0.0003231365530593,normal,mexI
20-11-25,0.0002778831336222,normal,mexI
20-11-30,0.0003498321481574,normal,mexI
20-12-04,0.0003355036085929,normal,mexI
20-12-11,0.0003766876302919,normal,mexI
20-12-18,0.0004579618178284,normal,mexI
20-12-21,0.0002519644285671,normal,mexI
20-12-24,0.0004881506760408,normal,mexI
20-12-28,0.0003580035033199,normal,mexI
21-03-26,0.0003786994686332,normal,mexI
21-03-29,0.0001361188077057,normal,mexI
21-04-09,0.0005396292442962,anomaly,mexI
21-05-21,0.000111116629007,anomaly,mexI
21-08-02,6.683182237047465e-05,normal,mexI
21-08-06,0.0001033370320341,normal,mexI
20-09-21,0.0001748957283722,normal,OprA
20-09-28,0.0003063706563448,normal,OprA
20-10-12,0.000414076308426,normal,OprA
20-10-16,0.0006331832055631,normal,OprA
20-10-19,0.0003726409123914,normal,OprA
20-11-02,0.0004465527499791,normal,OprA
20-11-25,0.000103853275628,normal,OprA
20-11-30,0.000128321621297,normal,OprA
20-12-04,0.0003456315589523,normal,OprA
20-12-11,0.0001612011998103,normal,OprA
20-12-18,0.0002964433586999,normal,OprA
20-12-21,0.0002346118487562,normal,OprA
20-12-24,0.0003860940676885,normal,OprA
20-12-28,0.0004727482159225,normal,OprA
21-03-26,0.000161315323694,normal,OprA
21-03-29,0.0006027648057218,normal,OprA
21-04-09,0.0006986150347224,normal,OprA
21-05-21,0.0001513890580386,anomaly,OprA
21-08-02,0.0001307441159384,normal,OprA
21-08-06,0.0001336150032257,normal,OprA
20-09-21,0.0003604281859874851,normal,bpeF
20-09-28,0.000497852316560314,normal,bpeF
20-10-12,0.0006815951996125269,normal,bpeF
20-10-16,0.001217584962315474,normal,bpeF
20-10-19,0.0009743401935297654,normal,bpeF
20-11-02,0.000787143830471617,normal,bpeF
20-11-25,0.0003864671801148884,normal,bpeF
20-11-30,0.0004995118478738788,normal,bpeF
20-12-04,0.00101772251025873,normal,bpeF
20-12-11,0.0005175612371635323,normal,bpeF
20-12-18,0.0006444712114561321,normal,bpeF
20-12-21,0.0005733349647571578,normal,bpeF
20-12-24,0.0010578465318098502,normal,bpeF
20-12-28,0.001264859028073635,normal,bpeF
21-03-26,0.000853057304958369,normal,bpeF
21-03-29,0.0009877438905088992,normal,bpeF
21-04-09,0.0012237604040434256,normal,bpeF
21-05-21,0.00023991316824767997,anomaly,bpeF
21-08-02,0.00022326219797953829,normal,bpeF
21-08-06,0.0002756140708443392,normal,bpeF
20-09-21,0.0010442607839291375,normal,multidrug_ABC_transporter
20-09-28,0.0014137548418436726,normal,multidrug_ABC_transporter
20-10-12,0.001995988580129713,normal,multidrug_ABC_transporter
20-10-16,0.0033478114675075,normal,multidrug_ABC_transporter
20-10-19,0.0028543220476086443,normal,multidrug_ABC_transporter
20-11-02,0.0026027091506872786,normal,multidrug_ABC_transporter
20-11-25,0.001476026817525384,normal,multidrug_ABC_transporter
20-11-30,0.0020164545759475214,normal,multidrug_ABC_transporter
20-12-04,0.002394273148074397,normal,multidrug_ABC_transporter
20-12-11,0.0016956702750160323,normal,multidrug_ABC_transporter
20-12-18,0.00203905767232152,normal,multidrug_ABC_transporter
20-12-21,0.0018815217692633062,normal,multidrug_ABC_transporter
20-12-24,0.0028235389359288483,normal,multidrug_ABC_transporter
20-12-28,0.002356202268329761,normal,multidrug_ABC_transporter
21-03-26,0.001798776468870717,normal,multidrug_ABC_transporter
21-03-29,0.00261002340088488,normal,multidrug_ABC_transporter
21-04-09,0.003693710721502921,normal,multidrug_ABC_transporter
21-05-21,0.0009336971923943234,anomaly,multidrug_ABC_transporter
21-08-02,0.0009205913640653638,normal,multidrug_ABC_transporter
21-08-06,0.0009909953668511644,normal,multidrug_ABC_transporter
20-09-21,0.0025535102674833538,normal,rosB
20-09-28,0.002848072340069538,normal,rosB
20-10-12,0.004956485689675648,normal,rosB
20-10-16,0.0033123577827100775,normal,rosB
20-10-19,0.0032519235152746037,normal,rosB
20-11-02,0.003934861528904876,normal,rosB
20-11-25,0.0030762971870027605,normal,rosB
20-11-30,0.002823704967713128,normal,rosB
20-12-04,0.0038806399631937,normal,rosB
20-12-11,0.003745019563477141,normal,rosB
20-12-18,0.0038453670540897294,normal,rosB
20-12-21,0.0036756395639839404,normal,rosB
20-12-24,0.004694483498278404,normal,rosB
20-12-28,0.003289964412352754,normal,rosB
21-03-26,0.004152926687373468,normal,rosB
21-03-29,0.0032989352970208643,normal,rosB
21-04-09,0.0050976480420032505,normal,rosB
21-05-21,0.0019057786770948272,anomaly,rosB
21-08-02,0.002285108507825553,normal,rosB
21-08-06,0.002205844959401416,normal,rosB
